# Blender 5.1.2
# www.blender.org
mtllib test.mtl
o Cube.001_head_0
v 0.751598 5.072266 1.903290
v 0.751598 5.024779 1.888227
v 0.751598 5.024780 2.485168
v 0.751598 5.072266 2.470105
v 0.026893 5.924736 2.612931
v 0.026893 5.981628 2.612931
v 0.879362 5.981628 2.612931
v 0.879362 5.924736 2.612931
v 0.026893 5.924736 2.591419
v 0.026893 5.924736 2.612931
v 0.879362 5.924736 2.612931
v 0.879362 5.924736 2.591419
v 0.879362 5.924735 1.781975
v 0.879362 5.924735 1.760463
v 0.026893 5.924735 1.760463
v 0.026893 5.924735 1.781975
v 0.879362 5.981628 2.612931
v 0.816984 5.981628 2.550553
v 0.816984 5.981627 1.822841
v 0.879362 5.981627 1.760463
v 0.879362 5.924735 1.760463
v 0.879362 5.981627 1.760463
v 0.026893 5.981627 1.760463
v 0.026893 5.924735 1.760463
v 0.879362 5.924736 2.612931
v 0.879362 5.981628 2.612931
v 0.879362 5.981627 1.760463
v 0.879362 5.924735 1.760463
v 0.026893 5.924735 1.760463
v 0.026893 5.981627 1.760463
v 0.026893 5.981628 2.612931
v 0.026893 5.924736 2.612931
v 0.816984 5.981628 2.550553
v 0.791999 6.027453 2.525568
v 0.791999 6.027453 1.847826
v 0.816984 5.981627 1.822841
v 0.026893 5.981627 1.760463
v 0.089272 5.981627 1.822841
v 0.089272 5.981628 2.550553
v 0.026893 5.981628 2.612931
v 0.026893 5.981628 2.612931
v 0.089272 5.981628 2.550553
v 0.816984 5.981628 2.550553
v 0.879362 5.981628 2.612931
v 0.879362 5.981627 1.760463
v 0.816984 5.981627 1.822841
v 0.089272 5.981627 1.822841
v 0.026893 5.981627 1.760463
v 0.114256 6.027453 2.525568
v 0.287397 6.027452 2.352428
v 0.618859 6.027452 2.352428
v 0.791999 6.027453 2.525568
v 0.089272 5.981627 1.822841
v 0.114256 6.027453 1.847826
v 0.114256 6.027453 2.525568
v 0.089272 5.981628 2.550553
v 0.089272 5.981628 2.550553
v 0.114256 6.027453 2.525568
v 0.791999 6.027453 2.525568
v 0.816984 5.981628 2.550553
v 0.816984 5.981627 1.822841
v 0.791999 6.027453 1.847826
v 0.114256 6.027453 1.847826
v 0.089272 5.981627 1.822841
v 0.287397 6.027452 2.352428
v 0.353697 6.093936 2.286128
v 0.552559 6.093936 2.286128
v 0.618859 6.027452 2.352428
v 0.791999 6.027453 1.847826
v 0.618859 6.027452 2.020966
v 0.287397 6.027452 2.020966
v 0.114256 6.027453 1.847826
v 0.791999 6.027453 2.525568
v 0.618859 6.027452 2.352428
v 0.618859 6.027452 2.020966
v 0.791999 6.027453 1.847826
v 0.114256 6.027453 1.847826
v 0.287397 6.027452 2.020966
v 0.287397 6.027452 2.352428
v 0.114256 6.027453 2.525568
v 0.552559 6.093936 2.286128
v 0.501191 6.093935 2.234761
v 0.501191 6.093935 2.138634
v 0.552559 6.093936 2.087266
v 0.618859 6.027452 2.020966
v 0.552559 6.093936 2.087266
v 0.353697 6.093936 2.087266
v 0.287397 6.027452 2.020966
v 0.618859 6.027452 2.352428
v 0.552559 6.093936 2.286128
v 0.552559 6.093936 2.087266
v 0.618859 6.027452 2.020966
v 0.287397 6.027452 2.020966
v 0.353697 6.093936 2.087266
v 0.353697 6.093936 2.286128
v 0.287397 6.027452 2.352428
v 0.751598 5.024779 1.888227
v 0.607226 5.024779 2.032599
v 0.607226 5.024779 2.340796
v 0.751598 5.024780 2.485168
v 0.751598 5.072266 2.470105
v 0.751598 5.024780 2.485168
v 0.154657 5.024780 2.485168
v 0.154657 5.072266 2.470105
v 0.154657 5.072266 1.903290
v 0.154657 5.024779 1.888227
v 0.751598 5.024779 1.888227
v 0.751598 5.072266 1.903290
v 0.154657 5.072266 2.470105
v 0.154657 5.024780 2.485168
v 0.154657 5.024779 1.888227
v 0.154657 5.072266 1.903290
v 0.607226 5.024779 2.340796
v 0.607226 4.954037 2.340796
v 0.299029 4.954037 2.340796
v 0.299029 5.024779 2.340796
v 0.154657 5.024780 2.485168
v 0.299029 5.024779 2.340796
v 0.299029 5.024779 2.032599
v 0.154657 5.024779 1.888227
v 0.751598 5.024780 2.485168
v 0.607226 5.024779 2.340796
v 0.299029 5.024779 2.340796
v 0.154657 5.024780 2.485168
v 0.154657 5.024779 1.888227
v 0.299029 5.024779 2.032599
v 0.607226 5.024779 2.032599
v 0.751598 5.024779 1.888227
v 0.607226 4.954037 2.032599
v 0.517979 4.954036 2.121846
v 0.517979 4.954036 2.251549
v 0.607226 4.954037 2.340796
v 0.299029 5.024779 2.032599
v 0.299029 4.954037 2.032599
v 0.607226 4.954037 2.032599
v 0.607226 5.024779 2.032599
v 0.607226 5.024779 2.032599
v 0.607226 4.954037 2.032599
v 0.607226 4.954037 2.340796
v 0.607226 5.024779 2.340796
v 0.299029 5.024779 2.340796
v 0.299029 4.954037 2.340796
v 0.299029 4.954037 2.032599
v 0.299029 5.024779 2.032599
v 0.388276 4.954036 2.251549
v 0.388276 4.881910 2.251549
v 0.388276 4.881910 2.121846
v 0.388276 4.954036 2.121846
v 0.299029 4.954037 2.340796
v 0.388276 4.954036 2.251549
v 0.388276 4.954036 2.121846
v 0.299029 4.954037 2.032599
v 0.607226 4.954037 2.340796
v 0.517979 4.954036 2.251549
v 0.388276 4.954036 2.251549
v 0.299029 4.954037 2.340796
v 0.299029 4.954037 2.032599
v 0.388276 4.954036 2.121846
v 0.517979 4.954036 2.121846
v 0.607226 4.954037 2.032599
v 0.388276 4.881910 2.121846
v 0.388276 4.881910 2.251549
v 0.517979 4.881910 2.251549
v 0.517979 4.881910 2.121846
v 0.517979 4.954036 2.251549
v 0.517979 4.881910 2.251549
v 0.388276 4.881910 2.251549
v 0.388276 4.954036 2.251549
v 0.388276 4.954036 2.121846
v 0.388276 4.881910 2.121846
v 0.517979 4.881910 2.121846
v 0.517979 4.954036 2.121846
v 0.517979 4.954036 2.121846
v 0.517979 4.881910 2.121846
v 0.517979 4.881910 2.251549
v 0.517979 4.954036 2.251549
v 0.501191 6.093935 2.234761
v 0.477831 6.134336 2.211401
v 0.477831 6.134336 2.161995
v 0.501191 6.093935 2.138634
v 0.353697 6.093936 2.087266
v 0.405065 6.093935 2.138634
v 0.405065 6.093935 2.234761
v 0.353697 6.093936 2.286128
v 0.353697 6.093936 2.286128
v 0.405065 6.093935 2.234761
v 0.501191 6.093935 2.234761
v 0.552559 6.093936 2.286128
v 0.552559 6.093936 2.087266
v 0.501191 6.093935 2.138634
v 0.405065 6.093935 2.138634
v 0.353697 6.093936 2.087266
v 0.477831 6.134336 2.161995
v 0.477831 6.134336 2.211401
v 0.428425 6.134336 2.211401
v 0.428425 6.134336 2.161995
v 0.405065 6.093935 2.138634
v 0.428425 6.134336 2.161995
v 0.428425 6.134336 2.211401
v 0.405065 6.093935 2.234761
v 0.405065 6.093935 2.234761
v 0.428425 6.134336 2.211401
v 0.477831 6.134336 2.211401
v 0.501191 6.093935 2.234761
v 0.501191 6.093935 2.138634
v 0.477831 6.134336 2.161995
v 0.428425 6.134336 2.161995
v 0.405065 6.093935 2.138634
v 0.878417 5.918429 1.827160
v 0.879362 5.924735 1.781975
v 0.751598 5.072266 1.903290
v 0.752544 5.078572 1.946680
v 0.752544 5.078572 1.946680
v 0.751598 5.072266 1.903290
v 0.751598 5.072266 2.470105
v 0.752544 5.078573 2.426715
v 0.878417 5.918430 2.546234
v 0.879362 5.924736 2.591419
v 0.879362 5.924735 1.781975
v 0.878417 5.918429 1.827160
v 0.752544 5.078573 2.426715
v 0.751598 5.072266 2.470105
v 0.879362 5.924736 2.591419
v 0.878417 5.918430 2.546234
v 0.061592 5.919374 1.782738
v 0.026893 5.924735 1.781975
v 0.154657 5.072266 1.903290
v 0.187749 5.077627 1.902527
v 0.187749 5.077627 1.902527
v 0.154657 5.072266 1.903290
v 0.751598 5.072266 1.903290
v 0.718507 5.077627 1.902527
v 0.844663 5.919374 1.782738
v 0.879362 5.924735 1.781975
v 0.026893 5.924735 1.781975
v 0.061592 5.919374 1.782738
v 0.718507 5.077627 1.902527
v 0.751598 5.072266 1.903290
v 0.879362 5.924735 1.781975
v 0.844663 5.919374 1.782738
v 0.189467 5.077907 2.470907
v 0.154657 5.072266 2.470105
v 0.026893 5.924736 2.591419
v 0.063394 5.919095 2.590617
v 0.842862 5.919095 2.590617
v 0.879362 5.924736 2.591419
v 0.751598 5.072266 2.470105
v 0.716789 5.077907 2.470907
v 0.063394 5.919095 2.590617
v 0.026893 5.924736 2.591419
v 0.879362 5.924736 2.591419
v 0.842862 5.919095 2.590617
v 0.153937 5.077074 2.437029
v 0.154657 5.072266 2.470105
v 0.154657 5.072266 1.903290
v 0.153937 5.077073 1.936366
v 0.027614 5.919928 2.556975
v 0.026893 5.924736 2.591419
v 0.154657 5.072266 2.470105
v 0.153937 5.077074 2.437029
v 0.027614 5.919928 1.816419
v 0.026893 5.924735 1.781975
v 0.026893 5.924736 2.591419
v 0.027614 5.919928 2.556975
v 0.153937 5.077073 1.936366
v 0.154657 5.072266 1.903290
v 0.026893 5.924735 1.781975
v 0.027614 5.919928 1.816419
v 0.061592 5.919374 1.782738
v 0.061592 5.919494 1.824328
v 0.844663 5.919494 1.824328
v 0.844663 5.919374 1.782738
v 0.153937 5.077074 2.437029
v 0.191370 5.077214 2.437029
v 0.065047 5.920069 2.556975
v 0.027614 5.919928 2.556975
v 0.718507 5.077627 1.902527
v 0.718507 5.077747 1.944117
v 0.187749 5.077747 1.944117
v 0.187749 5.077627 1.902527
v 0.153937 5.077073 1.936366
v 0.191370 5.077213 1.936366
v 0.191370 5.077214 2.437029
v 0.153937 5.077074 2.437029
v 0.027614 5.919928 2.556975
v 0.065047 5.920069 2.556975
v 0.065047 5.920069 1.816419
v 0.027614 5.919928 1.816419
v 0.844663 5.919374 1.782738
v 0.844663 5.919494 1.824328
v 0.718507 5.077747 1.944117
v 0.718507 5.077627 1.902527
v 0.752544 5.078572 1.946680
v 0.715110 5.078712 1.946680
v 0.840983 5.918570 1.827160
v 0.878417 5.918429 1.827160
v 0.027614 5.919928 1.816419
v 0.065047 5.920069 1.816419
v 0.191370 5.077213 1.936366
v 0.153937 5.077073 1.936366
v 0.063394 5.919095 2.590617
v 0.063394 5.919215 2.549027
v 0.189467 5.078027 2.429317
v 0.189467 5.077907 2.470907
v 0.752544 5.078573 2.426715
v 0.715110 5.078713 2.426715
v 0.715110 5.078712 1.946680
v 0.752544 5.078572 1.946680
v 0.716789 5.077907 2.470907
v 0.716789 5.078027 2.429317
v 0.842862 5.919215 2.549027
v 0.842862 5.919095 2.590617
v 0.878417 5.918429 1.827160
v 0.840983 5.918570 1.827160
v 0.840983 5.918570 2.546234
v 0.878417 5.918430 2.546234
v 0.189467 5.077907 2.470907
v 0.189467 5.078027 2.429317
v 0.716789 5.078027 2.429317
v 0.716789 5.077907 2.470907
v 0.878417 5.918430 2.546234
v 0.840983 5.918570 2.546234
v 0.715110 5.078713 2.426715
v 0.752544 5.078573 2.426715
v 0.842862 5.919095 2.590617
v 0.842862 5.919215 2.549027
v 0.063394 5.919215 2.549027
v 0.063394 5.919095 2.590617
v 0.187749 5.077627 1.902527
v 0.187749 5.077747 1.944117
v 0.061592 5.919494 1.824328
v 0.061592 5.919374 1.782738
vn -1.0000 -0.0000 -0.0000
vn -0.0000 -0.0000 -1.0000
vn -0.0000 1.0000 -0.0000
vn -0.0000 -1.0000 -0.0000
vn -0.0000 -0.0000 1.0000
vn 1.0000 -0.0000 -0.0000
vn -0.8780 -0.4787 -0.0000
vn 0.8780 -0.4787 -0.0000
vn -0.0000 -0.4787 -0.8780
vn -0.0000 -0.4787 0.8780
vn -0.0000 -0.7061 -0.7081
vn -0.0000 -0.7061 0.7081
vn -0.7081 -0.7061 -0.0000
vn 0.7081 -0.7061 -0.0000
vn -0.0000 -0.3024 -0.9532
vn -0.0000 -0.3024 0.9532
vn -0.8657 -0.5006 -0.0000
vn 0.8657 -0.5006 -0.0000
vn -0.0000 -0.5006 -0.8657
vn -0.0000 -0.5006 0.8657
vn -0.9890 0.1482 -0.0000
vn -0.9889 0.1483 -0.0000
vn -0.0000 0.1409 0.9900
vn -0.0000 0.1409 -0.9900
vn 0.9890 0.1482 -0.0000
vn -0.0000 1.0000 -0.0029
vn 0.0005 -0.1408 0.9900
vn -0.0000 -1.0000 0.0029
vn 0.0037 -1.0000 -0.0000
vn -0.0038 1.0000 -0.0000
vn 0.9890 -0.1482 0.0004
vn -0.0005 -0.1408 -0.9900
vn 0.0005 -0.1408 -0.9900
vn -0.9890 -0.1482 -0.0004
vn -0.0037 -1.0000 -0.0000
vn 0.9890 -0.1482 -0.0004
vn 0.0037 1.0000 -0.0000
vn -0.0000 -1.0000 -0.0029
vn -0.0005 -0.1408 0.9900
vn -0.0000 1.0000 0.0029
vn -0.9890 -0.1482 0.0004
vt 0.960849 0.996495
vt 0.971878 1.000000
vt 0.971878 0.861119
vt 0.960849 0.864623
vt 0.969359 0.150483
vt 0.956198 0.150483
vt 0.956198 0.348814
vt 0.969359 0.348814
vt 1.000000 0.552168
vt 0.994995 0.552168
vt 0.994995 0.750499
vt 1.000000 0.750499
vt 0.994830 0.954849
vt 0.999835 0.954849
vt 0.999835 0.756518
vt 0.994830 0.756518
vt 0.174697 0.590391
vt 0.189210 0.604904
vt 0.358516 0.604904
vt 0.373029 0.590391
vt 0.956198 0.150483
vt 0.943010 0.150483
vt 0.943010 0.348814
vt 0.956198 0.348814
vt 0.956224 0.348814
vt 0.943010 0.547145
vt 0.956224 0.547145
vt 0.943010 0.348814
vt 0.929796 0.348814
vt 0.929796 0.547145
vt 0.986376 0.380009
vt 0.975393 0.385822
vt 0.975393 0.543503
vt 0.986376 0.549315
vt 0.373029 0.788723
vt 0.358516 0.774210
vt 0.189210 0.774210
vt 0.174697 0.788723
vt 0.769474 1.000000
vt 0.809756 0.959718
vt 0.809756 0.882602
vt 0.769474 0.842320
vt 0.986376 0.549315
vt 0.975393 0.555128
vt 0.975393 0.712809
vt 0.986376 0.718621
vt 0.551340 0.024325
vt 0.540120 0.030138
vt 0.540120 0.187818
vt 0.551340 0.193631
vt 0.541755 0.224827
vt 0.530636 0.230640
vt 0.530636 0.388320
vt 0.541755 0.394133
vt 0.739938 0.143294
vt 0.722915 0.158719
vt 0.722915 0.204985
vt 0.739938 0.220410
vt 0.927154 0.842320
vt 0.886872 0.882602
vt 0.886872 0.959718
vt 0.927154 1.000000
vt 0.849635 0.395466
vt 0.861586 0.383515
vt 0.861586 0.361151
vt 0.849635 0.349200
vt 0.926889 0.695547
vt 0.910158 0.710972
vt 0.910158 0.757239
vt 0.926890 0.772664
vt 0.323957 0.040445
vt 0.307615 0.055870
vt 0.307615 0.102136
vt 0.323957 0.117561
vt 0.943231 0.695547
vt 0.926889 0.710972
vt 0.926889 0.757239
vt 0.943231 0.772664
vt 0.908356 0.686026
vt 0.874767 0.652438
vt 0.803063 0.652438
vt 0.769474 0.686026
vt 0.938513 1.000000
vt 0.938513 0.861118
vt 0.927154 0.861118
vt 0.949820 1.000000
vt 0.949820 0.861118
vt 0.949820 0.996495
vt 0.960850 1.000000
vt 0.960850 0.861118
vt 0.949820 0.864623
vt 0.567739 0.090468
vt 0.584104 0.090468
vt 0.584104 0.018765
vt 0.567739 0.018765
vt 0.769474 0.547145
vt 0.803063 0.580734
vt 0.874767 0.580734
vt 0.908356 0.547145
vt 0.307615 0.196553
vt 0.286852 0.175790
vt 0.256676 0.175790
vt 0.235912 0.196553
vt 0.567739 0.018764
vt 0.551340 0.018764
vt 0.551340 0.090468
vt 0.567739 0.090468
vt 0.410579 0.112137
vt 0.427009 0.112137
vt 0.427009 0.040433
vt 0.410579 0.040433
vt 0.741409 0.091089
vt 0.757840 0.091089
vt 0.757840 0.019385
vt 0.741409 0.019385
vt 0.722915 0.143294
vt 0.739667 0.143294
vt 0.739667 0.113118
vt 0.722915 0.113118
vt 0.235912 0.124850
vt 0.256676 0.145614
vt 0.286852 0.145614
vt 0.307615 0.124850
vt 0.895901 0.365290
vt 0.895901 0.395466
vt 0.926077 0.395466
vt 0.926077 0.365290
vt 0.584104 0.090468
vt 0.600789 0.090468
vt 0.600789 0.060292
vt 0.584104 0.060292
vt 0.917155 0.585099
vt 0.933874 0.585099
vt 0.933874 0.554923
vt 0.917155 0.554923
vt 0.917155 0.615275
vt 0.933907 0.615275
vt 0.933907 0.585099
vt 0.917155 0.585099
vt 0.925357 0.342926
vt 0.915656 0.348361
vt 0.915656 0.359855
vt 0.925357 0.365290
vt 0.895901 0.349200
vt 0.883950 0.361151
vt 0.883950 0.383515
vt 0.376369 0.790174
vt 0.364874 0.790174
vt 0.364874 0.801669
vt 0.376369 0.801669
vt 0.769474 0.068725
vt 0.759774 0.074160
vt 0.759774 0.085654
vt 0.769474 0.091089
vt 0.905826 0.342926
vt 0.895901 0.348361
vt 0.895901 0.359855
vt 0.905826 0.365290
vt 0.915656 0.342926
vt 0.905826 0.348361
vt 0.905826 0.359855
vt 0.915656 0.365290
vt 0.352506 0.588940
vt 0.363019 0.590391
vt 0.334794 0.394133
vt 0.324699 0.395585
vt 0.202922 0.394133
vt 0.213017 0.395585
vt 0.185210 0.588940
vt 0.174697 0.590391
vt 0.366102 0.991927
vt 0.364874 1.000000
vt 0.560062 0.970275
vt 0.558834 0.962576
vt 0.560062 0.831394
vt 0.558834 0.839093
vt 0.366102 0.809742
vt 0.364874 0.801669
vt 0.565940 0.628215
vt 0.567225 0.620116
vt 0.373029 0.590391
vt 0.374314 0.598883
vt 0.374314 0.780231
vt 0.373029 0.788723
vt 0.567225 0.758998
vt 0.565940 0.750899
vt 0.515420 0.395240
vt 0.523116 0.394133
vt 0.391244 0.394133
vt 0.398939 0.395240
vt 0.543327 0.589285
vt 0.551340 0.590392
vt 0.371033 0.589285
vt 0.363019 0.590392
vt 0.986210 0.772664
vt 0.976534 0.772664
vt 0.976534 0.954849
vt 0.986210 0.954849
vt 0.994995 0.550563
vt 0.986376 0.549315
vt 0.986376 0.749251
vt 0.994995 0.750499
vt 0.956198 0.026999
vt 0.946522 0.026999
vt 0.946522 0.150483
vt 0.956198 0.150483
vt 0.969359 0.031963
vt 0.960650 0.031963
vt 0.960650 0.148444
vt 0.969359 0.148444
vt 0.934301 0.348814
vt 0.943010 0.348814
vt 0.943010 0.176519
vt 0.934301 0.176519
vt 0.541756 0.394133
vt 0.551340 0.392807
vt 0.551340 0.193631
vt 0.541756 0.194957
vt 0.997239 0.149404
vt 0.988620 0.148157
vt 0.988620 0.347567
vt 0.997239 0.348814
vt 0.986210 0.954849
vt 0.994830 0.953602
vt 0.994830 0.753481
vt 0.986210 0.754728
vt 0.965808 0.549315
vt 0.975393 0.547989
vt 0.975393 0.348946
vt 0.965808 0.350272
vt 0.298906 0.124850
vt 0.307615 0.124850
vt 0.307615 0.013167
vt 0.298906 0.013167
vt 0.978944 0.149771
vt 0.969359 0.148444
vt 0.969359 0.347488
vt 0.978944 0.348814
vt 0.988620 0.000170
vt 0.979911 0.000170
vt 0.979911 0.167467
vt 0.988620 0.167467
vt 0.979035 0.148444
vt 0.979035 0.025760
vt 0.969359 0.025760
vt 0.986376 0.549315
vt 0.994995 0.548067
vt 0.994995 0.348843
vt 0.986376 0.350091
vt 0.978944 0.348814
vt 0.988620 0.348814
vt 0.988620 0.167467
vt 0.978944 0.167467
vt 0.965808 0.350140
vt 0.956223 0.348814
vt 0.956223 0.547989
vt 0.965808 0.549315
s 0
usemtl head
f 1/1/1 2/2/1 3/3/1
f 1/1/1 3/3/1 4/4/1
f 5/5/2 6/6/2 7/7/2
f 5/5/2 7/7/2 8/8/2
f 9/9/3 10/10/3 11/11/3
f 9/9/3 11/11/3 12/12/3
f 13/13/3 14/14/3 15/15/3
f 13/13/3 15/15/3 16/16/3
f 17/17/4 18/18/4 19/19/4
f 17/17/4 19/19/4 20/20/4
f 21/21/5 22/22/5 23/23/5
f 21/21/5 23/23/5 24/24/5
f 25/25/1 26/23/1 27/26/1
f 25/25/1 27/26/1 28/27/1
f 29/28/6 30/29/6 31/30/6
f 29/28/6 31/30/6 32/26/6
f 33/31/7 34/32/7 35/33/7
f 33/31/7 35/33/7 36/34/7
f 37/35/4 38/36/4 39/37/4
f 37/35/4 39/37/4 40/38/4
f 41/38/4 42/37/4 43/18/4
f 41/38/4 43/18/4 44/17/4
f 45/20/4 46/19/4 47/36/4
f 45/20/4 47/36/4 48/35/4
f 49/39/4 50/40/4 51/41/4
f 49/39/4 51/41/4 52/42/4
f 53/43/8 54/44/8 55/45/8
f 53/43/8 55/45/8 56/46/8
f 57/47/9 58/48/9 59/49/9
f 57/47/9 59/49/9 60/50/9
f 61/51/10 62/52/10 63/53/10
f 61/51/10 63/53/10 64/54/10
f 65/55/11 66/56/11 67/57/11
f 65/55/11 67/57/11 68/58/11
f 69/59/4 70/60/4 71/61/4
f 69/59/4 71/61/4 72/62/4
f 73/42/4 74/41/4 75/60/4
f 73/42/4 75/60/4 76/59/4
f 77/62/4 78/61/4 79/40/4
f 77/62/4 79/40/4 80/39/4
f 81/63/4 82/64/4 83/65/4
f 81/63/4 83/65/4 84/66/4
f 85/67/12 86/68/12 87/69/12
f 85/67/12 87/69/12 88/70/12
f 89/71/13 90/72/13 91/73/13
f 89/71/13 91/73/13 92/74/13
f 93/75/14 94/76/14 95/77/14
f 93/75/14 95/77/14 96/78/14
f 97/79/3 98/80/3 99/81/3
f 97/79/3 99/81/3 100/82/3
f 101/62/15 102/83/15 103/84/15
f 101/62/15 103/84/15 104/85/15
f 105/83/16 106/86/16 107/87/16
f 105/83/16 107/87/16 108/84/16
f 109/88/6 110/89/6 111/90/6
f 109/88/6 111/90/6 112/91/6
f 113/92/2 114/93/2 115/94/2
f 113/92/2 115/94/2 116/95/2
f 117/96/3 118/97/3 119/98/3
f 117/96/3 119/98/3 120/99/3
f 121/82/3 122/81/3 123/97/3
f 121/82/3 123/97/3 124/96/3
f 125/99/3 126/98/3 127/80/3
f 125/99/3 127/80/3 128/79/3
f 129/100/3 130/101/3 131/102/3
f 129/100/3 131/102/3 132/103/3
f 133/104/5 134/105/5 135/106/5
f 133/104/5 135/106/5 136/107/5
f 137/108/1 138/109/1 139/110/1
f 137/108/1 139/110/1 140/111/1
f 141/112/6 142/113/6 143/114/6
f 141/112/6 143/114/6 144/115/6
f 145/116/6 146/117/6 147/118/6
f 145/116/6 147/118/6 148/119/6
f 149/120/3 150/121/3 151/122/3
f 149/120/3 151/122/3 152/123/3
f 153/103/3 154/102/3 155/121/3
f 153/103/3 155/121/3 156/120/3
f 157/123/3 158/122/3 159/101/3
f 157/123/3 159/101/3 160/100/3
f 161/124/3 162/125/3 163/126/3
f 161/124/3 163/126/3 164/127/3
f 165/128/2 166/129/2 167/130/2
f 165/128/2 167/130/2 168/131/2
f 169/132/5 170/133/5 171/134/5
f 169/132/5 171/134/5 172/135/5
f 173/136/1 174/137/1 175/138/1
f 173/136/1 175/138/1 176/139/1
f 177/140/17 178/141/17 179/142/17
f 177/140/17 179/142/17 180/143/17
f 181/144/4 182/145/4 183/146/4
f 181/144/4 183/146/4 184/125/4
f 185/125/4 186/146/4 187/64/4
f 185/125/4 187/64/4 188/63/4
f 189/66/4 190/65/4 191/145/4
f 189/66/4 191/145/4 192/144/4
f 193/147/4 194/148/4 195/149/4
f 193/147/4 195/149/4 196/150/4
f 197/151/18 198/152/18 199/153/18
f 197/151/18 199/153/18 200/154/18
f 201/155/19 202/156/19 203/157/19
f 201/155/19 203/157/19 204/158/19
f 205/159/20 206/160/20 207/161/20
f 205/159/20 207/161/20 208/162/20
f 209/163/21 210/164/21 211/165/21
f 209/163/21 211/165/21 212/166/21
f 213/166/21 214/165/21 215/167/21
f 213/166/21 215/167/21 216/168/21
f 217/169/22 218/170/22 219/164/22
f 217/169/21 219/164/21 220/163/21
f 221/168/21 222/167/21 223/170/21
f 221/168/21 223/170/21 224/169/21
f 225/171/23 226/172/23 227/173/23
f 225/171/23 227/173/23 228/174/23
f 229/174/23 230/173/23 231/175/23
f 229/174/23 231/175/23 232/176/23
f 233/177/23 234/178/23 235/172/23
f 233/177/23 235/172/23 236/171/23
f 237/176/23 238/175/23 239/178/23
f 237/176/23 239/178/23 240/177/23
f 241/179/24 242/180/24 243/181/24
f 241/179/24 243/181/24 244/182/24
f 245/183/24 246/184/24 247/185/24
f 245/183/24 247/185/24 248/186/24
f 249/182/24 250/181/24 251/184/24
f 249/182/24 251/184/24 252/183/24
f 253/187/25 254/188/25 255/189/25
f 253/187/25 255/189/25 256/190/25
f 257/191/25 258/192/25 259/188/25
f 257/191/25 259/188/25 260/187/25
f 261/193/25 262/194/25 263/192/25
f 261/193/25 263/192/25 264/191/25
f 265/190/25 266/189/25 267/194/25
f 265/190/25 267/194/25 268/193/25
f 269/195/26 270/196/26 271/197/26
f 269/195/26 271/197/26 272/198/26
f 273/199/27 274/200/27 275/201/27
f 273/199/27 275/201/27 276/202/27
f 277/203/28 278/204/28 279/205/28
f 277/203/28 279/205/28 280/206/28
f 281/207/29 282/208/29 283/209/29
f 281/207/29 283/209/29 284/210/29
f 285/211/30 286/212/30 287/213/30
f 285/211/30 287/213/30 288/214/30
f 289/215/31 290/216/31 291/217/31
f 289/215/31 291/217/31 292/218/31
f 293/219/32 294/220/32 295/221/32
f 293/219/32 295/221/32 296/222/32
f 297/223/33 298/224/33 299/225/33
f 297/223/33 299/225/33 300/226/33
f 301/227/34 302/228/34 303/229/34
f 301/227/34 303/229/34 304/230/34
f 305/231/35 306/232/35 307/233/35
f 305/231/35 307/233/35 308/234/35
f 309/235/36 310/236/36 311/237/36
f 309/235/36 311/237/36 312/238/36
f 313/239/37 314/240/37 315/241/37
f 313/239/37 315/241/37 316/242/37
f 317/236/38 318/243/38 319/244/38
f 317/236/38 319/244/38 320/245/38
f 321/246/39 322/247/39 323/248/39
f 321/246/39 323/248/39 324/249/39
f 325/250/40 326/251/40 327/252/40
f 325/250/40 327/252/40 328/253/40
f 329/254/41 330/255/41 331/256/41
f 329/254/41 331/256/41 332/257/41
o Cube_base_0
v 0.803135 0.125046 1.797676
v 0.803135 0.125046 2.575359
v 0.803135 0.014255 2.575359
v 0.803135 0.014255 1.797676
v 0.803135 0.125046 2.575359
v 0.103121 0.125046 2.575359
v 0.103121 0.014255 2.575359
v 0.803135 0.014255 2.575359
v 0.103121 0.125046 2.575359
v 0.103121 0.125046 1.797676
v 0.103121 0.014255 1.797676
v 0.103121 0.014255 2.575359
v 0.103121 0.125046 1.797676
v 0.803135 0.125046 1.797676
v 0.803135 0.014255 1.797676
v 0.103121 0.014255 1.797676
v 0.709917 0.125046 2.186517
v 0.709917 0.212590 2.186517
v 0.634705 0.212590 2.388241
v 0.634705 0.125046 2.388241
v 0.103121 0.014255 2.575359
v 0.103121 0.014255 1.797676
v 0.803135 0.014255 1.797676
v 0.803135 0.014255 2.575359
v 0.196338 0.125046 2.186517
v 0.196338 0.212590 2.186517
v 0.271550 0.212590 1.984793
v 0.271550 0.125046 1.984794
v 0.634705 0.125046 2.388241
v 0.634705 0.212590 2.388241
v 0.453128 0.212590 2.471798
v 0.453128 0.125046 2.471798
v 0.271550 0.125046 1.984794
v 0.271550 0.212590 1.984793
v 0.453128 0.212590 1.901237
v 0.453128 0.125046 1.901237
v 0.271550 0.212590 1.984793
v 0.305588 0.382446 2.022608
v 0.453128 0.382446 1.954715
v 0.453128 0.212590 1.901237
v 0.453128 0.212590 2.471798
v 0.453128 0.382446 2.418320
v 0.305588 0.382446 2.350427
v 0.271550 0.212590 2.388241
v 0.453128 0.212590 1.901237
v 0.453128 0.382446 1.954715
v 0.600667 0.382446 2.022608
v 0.634705 0.212590 1.984794
v 0.634705 0.212590 1.984794
v 0.600667 0.382446 2.022608
v 0.661780 0.382446 2.186517
v 0.709917 0.212590 2.186517
v 0.271550 0.125046 2.388241
v 0.271550 0.212590 2.388241
v 0.196338 0.212590 2.186517
v 0.196338 0.125046 2.186517
v 0.453128 0.125046 1.901237
v 0.453128 0.212590 1.901237
v 0.634705 0.212590 1.984794
v 0.634705 0.125046 1.984794
v 0.634705 0.125046 1.984794
v 0.634705 0.212590 1.984794
v 0.709917 0.212590 2.186517
v 0.709917 0.125046 2.186517
v 0.453128 0.125046 2.471798
v 0.453128 0.212590 2.471798
v 0.271550 0.212590 2.388241
v 0.271550 0.125046 2.388241
v 0.634705 0.212590 2.388241
v 0.600667 0.382446 2.350427
v 0.453128 0.382446 2.418320
v 0.453128 0.212590 2.471798
v 0.196338 0.212590 2.186517
v 0.244475 0.382446 2.186517
v 0.305588 0.382446 2.022608
v 0.271550 0.212590 1.984793
v 0.709917 0.212590 2.186517
v 0.661780 0.382446 2.186517
v 0.600667 0.382446 2.350427
v 0.634705 0.212590 2.388241
v 0.271550 0.212590 2.388241
v 0.305588 0.382446 2.350427
v 0.244475 0.382446 2.186517
v 0.196338 0.212590 2.186517
v 0.600667 0.382446 2.350427
v 0.600667 0.415668 2.350427
v 0.453128 0.415668 2.418320
v 0.453128 0.382446 2.418320
v 0.305588 0.382446 2.022608
v 0.305588 0.415668 2.022608
v 0.453128 0.415668 1.954715
v 0.453128 0.382446 1.954715
v 0.453128 0.382446 2.418320
v 0.453128 0.415668 2.418320
v 0.305588 0.415668 2.350427
v 0.305588 0.382446 2.350427
v 0.453128 0.382446 1.954715
v 0.453128 0.415668 1.954715
v 0.600667 0.415668 2.022608
v 0.600667 0.382446 2.022608
v 0.453128 0.415668 2.418320
v 0.453128 0.415668 2.358846
v 0.343443 0.415668 2.308372
v 0.305588 0.415668 2.350427
v 0.453128 0.415668 1.954715
v 0.453128 0.415668 2.014189
v 0.562813 0.415668 2.064663
v 0.600667 0.415668 2.022608
v 0.608245 0.415668 2.186517
v 0.661780 0.415668 2.186517
v 0.298010 0.415668 2.186517
v 0.244475 0.415668 2.186517
v 0.244475 0.382446 2.186517
v 0.244475 0.415668 2.186517
v 0.305588 0.415668 2.022608
v 0.305588 0.382446 2.022608
v 0.661780 0.382446 2.186517
v 0.661780 0.415668 2.186517
v 0.600667 0.415668 2.350427
v 0.600667 0.382446 2.350427
v 0.305588 0.382446 2.350427
v 0.305588 0.415668 2.350427
v 0.244475 0.415668 2.186517
v 0.244475 0.382446 2.186517
v 0.600667 0.382446 2.022608
v 0.600667 0.415668 2.022608
v 0.661780 0.415668 2.186517
v 0.661780 0.382446 2.186517
v 0.562813 0.415668 2.064663
v 0.562813 4.328284 2.064662
v 0.608245 4.328284 2.186516
v 0.608245 0.415668 2.186517
v 0.343443 0.415668 2.308372
v 0.343443 4.328284 2.308371
v 0.298010 4.328284 2.186516
v 0.298010 0.415668 2.186517
v 0.608245 0.415668 2.186517
v 0.608245 4.328284 2.186516
v 0.562813 4.328284 2.308371
v 0.562813 0.415668 2.308372
v 0.298010 0.415668 2.186517
v 0.298010 4.328284 2.186516
v 0.343443 4.328284 2.064662
v 0.343443 0.415668 2.064663
v 0.305588 0.415668 2.022608
v 0.343443 0.415668 2.064663
v 0.600667 0.415668 2.350427
v 0.562813 0.415668 2.308372
v 0.244475 0.415668 2.186517
v 0.298010 0.415668 2.186517
v 0.343443 0.415668 2.064663
v 0.305588 0.415668 2.022608
v 0.608245 4.328284 2.186516
v 0.775803 4.328284 2.186516
v 0.681294 4.328284 2.439998
v 0.562813 4.328284 2.308371
v 0.298010 4.328284 2.186516
v 0.130452 4.328284 2.186516
v 0.224961 4.328284 1.933034
v 0.343443 4.328284 2.064662
v 0.562813 4.328284 2.308371
v 0.681294 4.328284 2.439998
v 0.453127 4.328284 2.544993
v 0.453128 4.328284 2.358845
v 0.343443 4.328284 2.064662
v 0.224961 4.328284 1.933034
v 0.453128 4.328284 1.828039
v 0.453128 4.328284 2.014188
v 0.453128 0.415668 2.014189
v 0.453128 4.328284 2.014188
v 0.562813 4.328284 2.064662
v 0.562813 0.415668 2.064663
v 0.453128 0.415668 2.358846
v 0.453128 4.328284 2.358845
v 0.343443 4.328284 2.308371
v 0.343443 0.415668 2.308372
v 0.343443 0.415668 2.064663
v 0.343443 4.328284 2.064662
v 0.453128 4.328284 2.014188
v 0.453128 0.415668 2.014189
v 0.562813 0.415668 2.308372
v 0.562813 4.328284 2.308371
v 0.453128 4.328284 2.358845
v 0.453128 0.415668 2.358846
v 0.681294 4.328284 2.439998
v 0.681294 4.382650 2.439997
v 0.453127 4.382650 2.544993
v 0.453127 4.328284 2.544993
v 0.224961 4.328284 1.933034
v 0.224961 4.382649 1.933034
v 0.453128 4.382649 1.828039
v 0.453128 4.328284 1.828039
v 0.453127 4.328284 2.544993
v 0.453127 4.382650 2.544993
v 0.224961 4.382650 2.439997
v 0.224961 4.328284 2.439998
v 0.453128 4.328284 1.828039
v 0.453128 4.382649 1.828039
v 0.681294 4.382649 1.933034
v 0.681294 4.328284 1.933034
v 0.343443 4.328284 2.308371
v 0.224961 4.328284 2.439998
v 0.130452 4.328284 2.186516
v 0.298010 4.328284 2.186516
v 0.562813 4.328284 2.064662
v 0.681294 4.328284 1.933034
v 0.775803 4.328284 2.186516
v 0.608245 4.328284 2.186516
v 0.453128 4.328284 2.014188
v 0.453128 4.328284 1.828039
v 0.681294 4.328284 1.933034
v 0.562813 4.328284 2.064662
v 0.453128 4.328284 2.358845
v 0.453127 4.328284 2.544993
v 0.224961 4.328284 2.439998
v 0.343443 4.328284 2.308371
v 0.453128 4.382649 1.828039
v 0.453128 4.503026 1.791339
v 0.704652 4.503026 1.907084
v 0.681294 4.382649 1.933034
v 0.681294 4.382649 1.933034
v 0.704652 4.503026 1.907084
v 0.808837 4.503026 2.186516
v 0.775803 4.382649 2.186516
v 0.224961 4.382650 2.439997
v 0.201603 4.503026 2.465948
v 0.097418 4.503026 2.186516
v 0.130452 4.382649 2.186516
v 0.775803 4.382649 2.186516
v 0.808837 4.503026 2.186516
v 0.704652 4.503026 2.465948
v 0.681294 4.382650 2.439997
v 0.130452 4.328284 2.186516
v 0.130452 4.382649 2.186516
v 0.224961 4.382649 1.933034
v 0.224961 4.328284 1.933034
v 0.775803 4.328284 2.186516
v 0.775803 4.382649 2.186516
v 0.681294 4.382650 2.439997
v 0.681294 4.328284 2.439998
v 0.224961 4.328284 2.439998
v 0.224961 4.382650 2.439997
v 0.130452 4.382649 2.186516
v 0.130452 4.328284 2.186516
v 0.681294 4.328284 1.933034
v 0.681294 4.382649 1.933034
v 0.775803 4.382649 2.186516
v 0.775803 4.328284 2.186516
v 0.704652 4.503026 1.907084
v 0.704652 4.555795 1.907084
v 0.808837 4.555795 2.186516
v 0.808837 4.503026 2.186516
v 0.201603 4.503026 2.465948
v 0.201603 4.555795 2.465948
v 0.097418 4.555795 2.186516
v 0.097418 4.503026 2.186516
v 0.808837 4.503026 2.186516
v 0.808837 4.555795 2.186516
v 0.704652 4.555795 2.465948
v 0.704652 4.503026 2.465948
v 0.097418 4.503026 2.186516
v 0.097418 4.555795 2.186516
v 0.201603 4.555795 1.907084
v 0.201603 4.503026 1.907084
v 0.453127 4.382650 2.544993
v 0.453127 4.503026 2.581692
v 0.201603 4.503026 2.465948
v 0.224961 4.382650 2.439997
v 0.224961 4.382649 1.933034
v 0.201603 4.503026 1.907084
v 0.453128 4.503026 1.791339
v 0.453128 4.382649 1.828039
v 0.681294 4.382650 2.439997
v 0.704652 4.503026 2.465948
v 0.453127 4.503026 2.581692
v 0.453127 4.382650 2.544993
v 0.130452 4.382649 2.186516
v 0.097418 4.503026 2.186516
v 0.201603 4.503026 1.907084
v 0.224961 4.382649 1.933034
v 0.097418 4.555795 2.186516
v 0.016934 4.555795 2.186516
v 0.144692 4.555795 1.843859
v 0.201603 4.555795 1.907084
v 0.704652 4.555795 2.465948
v 0.761563 4.555795 2.529173
v 0.453127 4.555795 2.671106
v 0.453127 4.555795 2.581692
v 0.201603 4.555795 1.907084
v 0.144692 4.555795 1.843859
v 0.453128 4.555795 1.701925
v 0.453128 4.555795 1.791339
v 0.453127 4.555795 2.581692
v 0.453127 4.555795 2.671106
v 0.144692 4.555795 2.529173
v 0.201603 4.555795 2.465948
v 0.453128 4.503026 1.791339
v 0.453128 4.555795 1.791339
v 0.704652 4.555795 1.907084
v 0.704652 4.503026 1.907084
v 0.453127 4.503026 2.581692
v 0.453127 4.555795 2.581692
v 0.201603 4.555795 2.465948
v 0.201603 4.503026 2.465948
v 0.201603 4.503026 1.907084
v 0.201603 4.555795 1.907084
v 0.453128 4.555795 1.791339
v 0.453128 4.503026 1.791339
v 0.704652 4.503026 2.465948
v 0.704652 4.555795 2.465948
v 0.453127 4.555795 2.581692
v 0.453127 4.503026 2.581692
v 0.144692 4.555795 1.843859
v 0.144692 4.642885 1.843859
v 0.453128 4.642885 1.701925
v 0.453128 4.555795 1.701925
v 0.453127 4.555795 2.671106
v 0.453127 4.642886 2.671106
v 0.144692 4.642886 2.529173
v 0.144692 4.555795 2.529173
v 0.453128 4.555795 1.701925
v 0.453128 4.642885 1.701925
v 0.761563 4.642885 1.843859
v 0.761563 4.555795 1.843859
v 0.761563 4.555795 1.843859
v 0.761563 4.642885 1.843859
v 0.889321 4.642885 2.186516
v 0.889321 4.555795 2.186516
v 0.808837 4.555795 2.186516
v 0.889321 4.555795 2.186516
v 0.761563 4.555795 2.529173
v 0.704652 4.555795 2.465948
v 0.201603 4.555795 2.465948
v 0.144692 4.555795 2.529173
v 0.704652 4.555795 1.907084
v 0.761563 4.555795 1.843859
v 0.889321 4.555795 2.186516
v 0.808837 4.555795 2.186516
v 0.453128 4.555795 1.791339
v 0.453128 4.555795 1.701925
v 0.761563 4.555795 1.843859
v 0.704652 4.555795 1.907084
v 0.761563 4.642885 1.843859
v 0.713972 4.709487 1.896730
v 0.822017 4.709487 2.186516
v 0.889321 4.642885 2.186516
v 0.144692 4.642886 2.529173
v 0.192283 4.709488 2.476301
v 0.084238 4.709487 2.186516
v 0.016934 4.642885 2.186516
v 0.889321 4.642885 2.186516
v 0.822017 4.709487 2.186516
v 0.713972 4.709488 2.476301
v 0.761563 4.642886 2.529173
v 0.016934 4.642885 2.186516
v 0.084238 4.709487 2.186516
v 0.192283 4.709487 1.896730
v 0.144692 4.642885 1.843859
v 0.761563 4.555795 2.529173
v 0.761563 4.642886 2.529173
v 0.453127 4.642886 2.671106
v 0.453127 4.555795 2.671106
v 0.016934 4.555795 2.186516
v 0.016934 4.642885 2.186516
v 0.144692 4.642885 1.843859
v 0.144692 4.555795 1.843859
v 0.889321 4.555795 2.186516
v 0.889321 4.642885 2.186516
v 0.761563 4.642886 2.529173
v 0.761563 4.555795 2.529173
v 0.144692 4.555795 2.529173
v 0.144692 4.642886 2.529173
v 0.016934 4.642885 2.186516
v 0.016934 4.555795 2.186516
v 0.192283 4.709488 2.476301
v 0.234599 4.792033 2.429290
v 0.144082 4.792032 2.186516
v 0.084238 4.709487 2.186516
v 0.822017 4.709487 2.186516
v 0.762173 4.792032 2.186516
v 0.671656 4.792033 2.429290
v 0.713972 4.709488 2.476301
v 0.084238 4.709487 2.186516
v 0.144082 4.792032 2.186516
v 0.234599 4.792032 1.943742
v 0.192283 4.709487 1.896730
v 0.713972 4.709488 2.476301
v 0.671656 4.792033 2.429290
v 0.453127 4.792033 2.529850
v 0.453127 4.709488 2.596334
v 0.453128 4.642885 1.701925
v 0.453128 4.709487 1.776697
v 0.713972 4.709487 1.896730
v 0.761563 4.642885 1.843859
v 0.453127 4.642886 2.671106
v 0.453127 4.709488 2.596334
v 0.192283 4.709488 2.476301
v 0.144692 4.642886 2.529173
v 0.144692 4.642885 1.843859
v 0.192283 4.709487 1.896730
v 0.453128 4.709487 1.776697
v 0.453128 4.642885 1.701925
v 0.761563 4.642886 2.529173
v 0.713972 4.709488 2.476301
v 0.453127 4.709488 2.596334
v 0.453127 4.642886 2.671106
v 0.671656 4.792033 2.429290
v 0.629413 4.886312 2.382361
v 0.453127 4.886312 2.463482
v 0.453127 4.792033 2.529850
v 0.234599 4.792032 1.943742
v 0.276842 4.886311 1.990671
v 0.453128 4.886311 1.909550
v 0.453128 4.792032 1.843181
v 0.453127 4.792033 2.529850
v 0.453127 4.886312 2.463482
v 0.276842 4.886312 2.382361
v 0.234599 4.792033 2.429290
v 0.453128 4.792032 1.843181
v 0.453128 4.886311 1.909550
v 0.629413 4.886311 1.990671
v 0.671656 4.792032 1.943742
v 0.713972 4.709487 1.896730
v 0.671656 4.792032 1.943742
v 0.762173 4.792032 2.186516
v 0.822017 4.709487 2.186516
v 0.453128 4.709487 1.776697
v 0.453128 4.792032 1.843181
v 0.671656 4.792032 1.943742
v 0.713972 4.709487 1.896730
v 0.453127 4.709488 2.596334
v 0.453127 4.792033 2.529850
v 0.234599 4.792033 2.429290
v 0.192283 4.709488 2.476301
v 0.192283 4.709487 1.896730
v 0.234599 4.792032 1.943742
v 0.453128 4.792032 1.843181
v 0.453128 4.709487 1.776697
v 0.453128 4.886311 2.186516
v 0.453128 4.886311 1.909550
v 0.276842 4.886311 1.990671
v 0.203822 4.886311 2.186516
v 0.702433 4.886311 2.186516
v 0.629413 4.886311 1.990671
v 0.629413 4.886312 2.382361
v 0.453127 4.886312 2.463482
v 0.276842 4.886312 2.382361
v 0.144082 4.792032 2.186516
v 0.203822 4.886311 2.186516
v 0.276842 4.886311 1.990671
v 0.234599 4.792032 1.943742
v 0.762173 4.792032 2.186516
v 0.702433 4.886311 2.186516
v 0.629413 4.886312 2.382361
v 0.671656 4.792033 2.429290
v 0.234599 4.792033 2.429290
v 0.276842 4.886312 2.382361
v 0.203822 4.886311 2.186516
v 0.144082 4.792032 2.186516
v 0.671656 4.792032 1.943742
v 0.629413 4.886311 1.990671
v 0.702433 4.886311 2.186516
v 0.762173 4.792032 2.186516
v 0.578535 5.534074 2.297249
v 0.595091 5.531392 2.296867
v 0.311164 5.531392 2.296867
v 0.327721 5.534074 2.297249
v 0.803135 0.125046 2.575359
v 0.709917 0.125046 2.186517
v 0.634705 0.125046 2.388241
v 0.803135 0.125046 1.797676
v 0.634705 0.125046 1.984794
v 0.103121 0.125046 2.575359
v 0.453128 0.125046 2.471798
v 0.271550 0.125046 2.388241
v 0.196338 0.125046 2.186517
v 0.103121 0.125046 1.797676
v 0.271550 0.125046 1.984794
v 0.453128 0.125046 1.901237
vn 1.0000 -0.0000 -0.0000
vn -0.0000 -0.0000 1.0000
vn -1.0000 -0.0000 -0.0000
vn -0.0000 -0.0000 -1.0000
vn 0.9370 -0.0000 0.3494
vn -0.0000 -1.0000 -0.0000
vn -0.9370 -0.0000 -0.3494
vn 0.4180 -0.0000 0.9084
vn -0.4180 -0.0000 -0.9084
vn -0.4019 0.2750 -0.8734
vn -0.4019 0.2750 0.8734
vn 0.4019 0.2750 -0.8734
vn 0.9056 0.2566 -0.3377
vn -0.9370 -0.0000 0.3494
vn 0.4180 -0.0000 -0.9084
vn 0.9370 -0.0000 -0.3494
vn -0.4180 -0.0000 0.9084
vn 0.4019 0.2750 0.8734
vn -0.9056 0.2566 -0.3377
vn 0.9056 0.2566 0.3377
vn -0.9056 0.2566 0.3377
vn -0.0000 1.0000 -0.0000
vn 0.4029 -0.2669 -0.8755
vn 0.9075 -0.2490 -0.3383
vn -0.9075 -0.2490 0.3383
vn 0.9075 -0.2490 0.3383
vn -0.9370 -0.0000 -0.3493
vn -0.4029 -0.2669 0.8755
vn -0.4029 -0.2669 -0.8755
vn 0.4029 -0.2669 0.8755
vn -0.9075 -0.2490 -0.3383
vn 0.6804 0.6876 -0.2537
vn -0.6804 0.6876 0.2537
vn 0.6804 0.6876 0.2537
vn -0.6804 0.6876 -0.2537
vn -0.7751 0.5619 0.2890
vn 0.7751 0.5619 0.2890
vn -0.7751 0.5619 -0.2890
vn 0.3374 0.5905 0.7331
vn 0.2927 0.7140 -0.6360
vn -0.2927 0.7140 0.6360
vn -0.2927 0.7140 -0.6360
vn 0.2927 0.7140 0.6360
vn 0.3522 0.5387 0.7653
vn 0.3522 0.5388 0.7653
vn -0.3522 0.5388 -0.7653
vn -0.3522 0.5388 0.7653
vn 0.3522 0.5388 -0.7653
vn 0.7751 0.5619 -0.2890
vn 0.3374 0.5905 -0.7331
vn -0.3374 0.5905 0.7331
vn -0.3374 0.5905 -0.7331
vn -0.8057 0.5105 -0.3004
vn 0.8057 0.5105 0.3004
vn -0.8057 0.5105 0.3004
vn 0.8057 0.5105 -0.3004
vn -0.0000 0.1409 -0.9900
vt 0.703776 1.000000
vt 0.703776 0.811332
vt 0.675500 0.810832
vt 0.675500 0.999500
vt 0.703768 0.453024
vt 0.703768 0.287349
vt 0.675500 0.286698
vt 0.675500 0.452373
vt 0.703776 0.810832
vt 0.703776 0.622164
vt 0.675500 0.621664
vt 0.675500 0.810333
vt 0.703753 0.621664
vt 0.703753 0.453697
vt 0.675500 0.453024
vt 0.675500 0.620991
vt 0.586301 0.657846
vt 0.608644 0.658241
vt 0.609720 0.603254
vt 0.587377 0.602859
vt 0.370882 0.767866
vt 0.370882 0.569073
vt 0.191943 0.569073
vt 0.191943 0.767866
vt 0.586301 0.267855
vt 0.608644 0.268249
vt 0.609720 0.213262
vt 0.587377 0.212868
vt 0.612319 0.568382
vt 0.589976 0.567987
vt 0.587773 0.212336
vt 0.610098 0.212868
vt 0.608626 0.176646
vt 0.586301 0.176114
vt 0.654080 0.202408
vt 0.652884 0.172975
vt 0.608638 0.090278
vt 0.652808 0.086122
vt 0.653865 0.044658
vt 0.609938 0.039248
vt 0.654080 0.131604
vt 0.610098 0.125730
vt 0.609720 0.701131
vt 0.653558 0.689986
vt 0.652684 0.655136
vt 0.587377 0.310745
vt 0.609720 0.311140
vt 0.587773 0.125198
vt 0.587377 0.700737
vt 0.586301 0.089763
vt 0.587601 0.038734
vt 0.609938 0.125198
vt 0.653865 0.114495
vt 0.652684 0.265144
vt 0.653558 0.220465
vt 0.653558 0.610456
vt 0.653558 0.299995
vt 0.743120 0.791342
vt 0.734640 0.791358
vt 0.733083 0.819729
vt 0.741564 0.819713
vt 0.734280 0.631945
vt 0.742752 0.632147
vt 0.741556 0.602715
vt 0.733083 0.602513
vt 0.741562 0.519644
vt 0.733083 0.519664
vt 0.733083 0.561142
vt 0.741562 0.561121
vt 0.742752 0.561344
vt 0.734280 0.561142
vt 0.461004 0.154517
vt 0.466315 0.140272
vt 0.444551 0.118387
vt 0.431729 0.125080
vt 0.502405 0.043476
vt 0.497094 0.057721
vt 0.518858 0.079605
vt 0.531680 0.072913
vt 0.518858 0.112849
vt 0.531680 0.117629
vt 0.444551 0.085144
vt 0.431729 0.080363
vt 0.733083 0.676826
vt 0.741562 0.676976
vt 0.742437 0.632297
vt 0.733958 0.632147
vt 0.743120 0.746654
vt 0.734640 0.746670
vt 0.733958 0.711677
vt 0.742437 0.711827
vt 0.741564 0.711827
vt 0.733083 0.711843
vt 0.000000 0.001108
vt 0.000000 0.999847
vt 0.025893 0.998739
vt 0.025893 0.000000
vt 0.080205 0.001261
vt 0.080205 1.000000
vt 0.106099 0.998892
vt 0.106099 0.000153
vt 0.059115 0.998803
vt 0.059115 0.000063
vt 0.139321 0.998956
vt 0.139321 0.000216
vt 0.461004 0.046562
vt 0.466315 0.060015
vt 0.502405 0.151431
vt 0.497094 0.137978
vt 0.471862 0.900287
vt 0.431729 0.885323
vt 0.431729 0.954476
vt 0.471862 0.933530
vt 0.546168 0.927991
vt 0.586301 0.942955
vt 0.586301 0.873802
vt 0.546168 0.894748
vt 0.477002 1.000000
vt 0.493626 0.955414
vt 0.541028 0.828278
vt 0.524404 0.872864
vt 0.161174 0.000533
vt 0.161174 0.998590
vt 0.191943 0.998746
vt 0.191943 0.000690
vt 0.400894 0.001364
vt 0.400894 0.999925
vt 0.431729 1.000000
vt 0.431729 0.001439
vt 0.139321 0.001944
vt 0.139321 1.000000
vt 0.646608 0.947112
vt 0.632731 0.947139
vt 0.630324 0.991014
vt 0.644201 0.990988
vt 0.588151 0.422898
vt 0.602015 0.423228
vt 0.600165 0.377712
vt 0.586301 0.377382
vt 0.733083 0.219397
vt 0.719208 0.219431
vt 0.719208 0.283574
vt 0.733083 0.283541
vt 0.602015 0.313732
vt 0.588151 0.313402
vt 0.524404 0.953120
vt 0.541028 0.995228
vt 0.493626 0.875158
vt 0.477002 0.833050
vt 0.630216 0.381670
vt 0.632255 0.311140
vt 0.630324 0.824172
vt 0.599771 0.816051
vt 0.602424 0.875424
vt 0.632731 0.878031
vt 0.601529 0.559032
vt 0.631917 0.567749
vt 0.630426 0.508336
vt 0.600176 0.505136
vt 0.602424 0.951608
vt 0.586301 0.504891
vt 0.601529 0.436041
vt 0.587653 0.435796
vt 0.646608 0.878004
vt 0.587653 0.558787
vt 0.644201 0.824145
vt 0.586301 0.816077
vt 0.588954 0.875450
vt 0.645385 0.567987
vt 0.643894 0.508574
vt 0.588954 0.951633
vt 0.645385 0.432405
vt 0.631917 0.432167
vt 0.688968 0.215954
vt 0.688967 0.286665
vt 0.632255 0.431846
vt 0.599771 0.999974
vt 0.381616 0.852167
vt 0.400894 0.844980
vt 0.339693 0.774317
vt 0.331709 0.794543
vt 0.261128 0.973323
vt 0.253143 0.993549
vt 0.339693 1.000000
vt 0.331709 0.978584
vt 0.253143 0.767866
vt 0.261128 0.789282
vt 0.400894 0.938461
vt 0.381616 0.928400
vt 0.643673 0.381990
vt 0.645712 0.311461
vt 0.675500 0.215987
vt 0.675500 0.286697
vt 0.645712 0.432167
vt 0.586301 1.000000
vt 0.434230 0.302534
vt 0.456439 0.303063
vt 0.453939 0.241534
vt 0.431729 0.241005
vt 0.675500 0.729287
vt 0.653273 0.729342
vt 0.653273 0.816051
vt 0.675500 0.815997
vt 0.456439 0.155046
vt 0.434230 0.154517
vt 0.433557 0.827885
vt 0.455785 0.828278
vt 0.453957 0.755422
vt 0.431729 0.755029
vt 0.211220 0.915699
vt 0.191943 0.922886
vt 0.211220 0.839466
vt 0.191943 0.829405
vt 0.691620 0.035683
vt 0.675500 0.044097
vt 0.675500 0.123153
vt 0.691620 0.129164
vt 0.733083 0.913210
vt 0.749204 0.904796
vt 0.749204 0.825739
vt 0.733083 0.819729
vt 0.471918 0.750310
vt 0.473464 0.671319
vt 0.455785 0.662019
vt 0.453956 0.396859
vt 0.471918 0.391747
vt 0.473464 0.312756
vt 0.455785 0.303455
vt 0.433557 0.661626
vt 0.460199 0.602783
vt 0.437971 0.602390
vt 0.431729 0.396466
vt 0.433557 0.303063
vt 0.433557 0.469322
vt 0.455785 0.469715
vt 0.473464 0.453361
vt 0.495137 0.438926
vt 0.493841 0.387307
vt 0.493842 0.745870
vt 0.495137 0.679693
vt 0.495137 0.321130
vt 0.690938 0.134566
vt 0.675500 0.139368
vt 0.675500 0.200860
vt 0.690938 0.207964
vt 0.472241 0.235364
vt 0.474355 0.162221
vt 0.635295 0.736619
vt 0.635295 0.809949
vt 0.733083 1.000000
vt 0.750446 0.994598
vt 0.750446 0.921200
vt 0.733083 0.913210
vt 0.708302 0.129164
vt 0.708302 0.215954
vt 0.610722 0.701131
vt 0.586301 0.715726
vt 0.588427 0.749584
vt 0.613357 0.743103
vt 0.496234 0.273613
vt 0.521103 0.259924
vt 0.519674 0.224757
vt 0.494462 0.230020
vt 0.588427 0.799143
vt 0.613358 0.804538
vt 0.521103 0.175325
vt 0.496234 0.168743
vt 0.473464 0.811925
vt 0.495137 0.797489
vt 0.474355 0.287399
vt 0.491442 0.536053
vt 0.516175 0.469715
vt 0.466708 0.473402
vt 0.431729 0.513789
vt 0.551154 0.558316
vt 0.551154 0.504887
vt 0.516175 0.598703
vt 0.466708 0.602390
vt 0.431729 0.567218
vt 0.518758 0.382928
vt 0.519803 0.329544
vt 0.518758 0.741491
vt 0.519803 0.688107
vt 0.519803 0.424569
vt 0.519803 0.783132
vt 0.733774 0.455471
vt 0.733083 0.451516
vt 0.733083 0.519644
vt 0.733774 0.515654
vt 0.370882 0.569073
vt 0.347054 0.469676
vt 0.327828 0.521242
vt 0.370882 0.370280
vt 0.327828 0.418111
vt 0.191943 0.569073
vt 0.281413 0.542601
vt 0.234997 0.521242
vt 0.215772 0.469676
vt 0.191943 0.370280
vt 0.234997 0.418111
vt 0.281413 0.396752
s 0
usemtl base
f 333/258/42 334/259/42 335/260/42
f 333/258/42 335/260/42 336/261/42
f 337/262/43 338/263/43 339/264/43
f 337/262/43 339/264/43 340/265/43
f 341/266/44 342/267/44 343/268/44
f 341/266/44 343/268/44 344/269/44
f 345/270/45 346/271/45 347/272/45
f 345/270/45 347/272/45 348/273/45
f 349/274/46 350/275/46 351/276/46
f 349/274/46 351/276/46 352/277/46
f 353/278/47 354/279/47 355/280/47
f 353/278/47 355/280/47 356/281/47
f 357/282/48 358/283/48 359/284/48
f 357/282/48 359/284/48 360/285/48
f 361/277/49 362/276/49 363/286/49
f 361/277/49 363/286/49 364/287/49
f 365/288/50 366/289/50 367/290/50
f 365/288/50 367/290/50 368/291/50
f 369/289/51 370/292/51 371/293/51
f 369/289/51 371/293/51 372/290/51
f 373/294/52 374/295/52 375/296/52
f 373/294/52 375/296/52 376/297/52
f 377/290/53 378/293/53 379/298/53
f 377/290/53 379/298/53 380/299/53
f 381/300/54 382/301/54 383/302/54
f 381/300/54 383/302/54 384/275/54
f 385/303/55 386/304/55 387/283/55
f 385/303/55 387/283/55 388/282/55
f 389/291/56 390/290/56 391/299/56
f 389/291/56 391/299/56 392/305/56
f 393/306/57 394/300/57 395/275/57
f 393/306/57 395/275/57 396/274/57
f 397/307/58 398/294/58 399/297/58
f 397/307/58 399/297/58 400/308/58
f 401/309/59 402/310/59 403/295/59
f 401/309/59 403/295/59 404/294/59
f 405/283/60 406/311/60 407/312/60
f 405/283/60 407/312/60 408/284/60
f 409/275/61 410/302/61 411/313/61
f 409/275/61 411/313/61 412/276/61
f 413/304/62 414/314/62 415/311/62
s 1
f 413/304/62 415/311/62 416/283/62
s 0
f 417/315/49 418/316/49 419/317/49
f 417/315/49 419/317/49 420/318/49
f 421/319/50 422/320/50 423/321/50
f 421/319/50 423/321/50 424/322/50
f 425/323/58 426/324/58 427/325/58
f 425/323/58 427/325/58 428/326/58
f 429/322/56 430/321/56 431/327/56
f 429/322/56 431/327/56 432/328/56
f 433/329/63 434/330/63 435/331/63
f 433/329/63 435/331/63 436/332/63
f 437/333/63 438/334/63 439/335/63
f 437/333/63 439/335/63 440/336/63
f 440/336/63 439/335/63 441/337/63
f 440/336/63 441/337/63 442/338/63
f 436/332/63 435/331/63 443/339/63
f 436/332/63 443/339/63 444/340/63
f 445/341/48 446/342/48 447/343/48
f 445/341/48 447/343/48 448/344/48
f 449/345/46 450/346/46 451/316/46
f 449/345/46 451/316/46 452/315/46
f 453/347/55 454/348/55 455/342/55
f 453/347/55 455/342/55 456/341/55
f 457/349/57 458/350/57 459/346/57
f 457/349/57 459/346/57 460/345/57
f 461/351/57 462/352/57 463/353/57
f 461/351/57 463/353/57 464/354/57
f 465/355/55 466/356/55 467/357/55
f 465/355/55 467/357/55 468/358/55
f 469/354/46 470/353/46 471/359/46
f 469/354/46 471/359/46 472/360/46
f 473/358/48 474/357/48 475/361/48
f 473/358/48 475/361/48 476/362/48
f 477/363/63 478/364/63 438/334/63
f 477/363/63 438/334/63 437/333/63
f 479/365/63 480/366/63 434/330/63
f 479/365/63 434/330/63 433/329/63
f 481/340/63 482/339/63 483/364/63
f 481/340/63 483/364/63 484/363/63
f 442/338/63 441/337/63 480/366/63
f 442/338/63 480/366/63 479/365/63
f 485/367/47 486/368/47 487/369/47
f 485/367/47 487/369/47 488/370/47
f 489/371/47 490/372/47 491/373/47
f 489/371/47 491/373/47 492/374/47
f 493/370/47 494/369/47 495/375/47
f 493/370/47 495/375/47 496/376/47
f 497/374/47 498/373/47 499/377/47
f 497/374/47 499/377/47 500/378/47
f 501/379/56 502/380/56 503/381/56
f 501/379/56 503/381/56 504/382/56
f 505/383/58 506/384/58 507/385/58
f 505/383/58 507/385/58 508/386/58
f 509/387/50 510/388/50 511/380/50
f 509/387/50 511/380/50 512/379/50
f 513/360/49 514/359/49 515/356/49
f 513/360/49 515/356/49 516/355/49
f 517/389/49 518/390/49 519/391/49
f 517/389/49 519/391/49 520/392/49
f 521/393/50 522/394/50 523/395/50
f 521/393/50 523/395/50 524/396/50
f 525/397/58 526/398/58 527/399/58
f 525/397/58 527/399/58 528/400/58
f 529/396/56 530/395/56 531/401/56
f 529/396/56 531/401/56 532/402/56
f 533/403/47 534/404/47 535/372/47
f 533/403/47 535/372/47 536/371/47
f 537/405/47 538/406/47 539/368/47
f 537/405/47 539/368/47 540/367/47
f 541/378/47 542/377/47 543/406/47
f 541/378/47 543/406/47 544/405/47
f 545/376/47 546/375/47 547/404/47
f 545/376/47 547/404/47 548/403/47
f 549/395/64 550/407/64 551/408/64
f 549/395/64 551/408/64 552/401/64
f 553/409/65 554/410/65 555/411/65
f 553/409/65 555/411/65 556/412/65
f 557/413/66 558/414/66 559/415/66
f 557/413/66 559/415/66 560/416/66
f 561/412/67 562/411/67 563/417/67
f 561/412/67 563/417/67 564/390/67
f 565/418/68 566/416/68 567/419/68
f 565/418/48 567/419/48 568/420/48
f 569/421/46 570/412/46 571/390/46
f 569/421/46 571/390/46 572/389/46
f 573/422/55 574/413/55 575/416/55
f 573/422/55 575/416/55 576/418/55
f 577/423/57 578/409/57 579/412/57
f 577/423/57 579/412/57 580/421/57
f 581/410/57 582/424/57 583/425/57
f 581/410/57 583/425/57 584/411/57
f 585/414/55 586/426/55 587/427/55
f 585/414/55 587/427/55 588/415/55
f 589/411/46 590/425/46 591/428/46
f 589/411/46 591/428/46 592/417/46
f 593/415/68 594/427/68 595/429/68
f 593/415/48 595/429/48 596/430/48
s 1
f 597/398/69 598/431/69 599/432/69
s 0
f 597/398/69 599/432/69 600/399/69
f 601/394/70 602/433/70 603/407/70
f 601/394/70 603/407/70 604/395/70
f 605/390/71 606/417/71 607/434/71
f 605/390/71 607/434/71 608/391/71
f 609/416/72 610/415/72 611/430/72
f 609/416/72 611/430/72 612/419/72
f 613/435/47 614/436/47 615/437/47
f 613/435/47 615/437/47 616/438/47
f 617/439/47 618/440/47 619/441/47
f 617/439/47 619/441/47 620/442/47
f 621/438/47 622/437/47 623/443/47
f 621/438/47 623/443/47 624/444/47
f 625/442/47 626/441/47 627/445/47
f 625/442/47 627/445/47 628/446/47
f 629/407/56 630/447/56 631/448/56
f 629/407/56 631/448/56 632/408/56
f 633/431/58 634/449/58 635/450/58
f 633/431/58 635/450/58 636/432/58
f 637/433/50 638/451/50 639/447/50
f 637/433/50 639/447/50 640/407/50
f 641/417/49 642/428/49 643/452/49
f 641/417/49 643/452/49 644/434/49
f 645/453/50 646/454/50 647/455/50
f 645/453/50 647/455/50 648/456/50
f 649/457/58 650/458/58 651/459/58
f 649/457/58 651/459/58 652/460/58
f 653/456/56 654/455/56 655/461/56
f 653/456/56 655/461/56 656/462/56
f 657/463/57 658/464/57 659/465/57
f 657/463/57 659/465/57 660/466/57
f 661/467/47 662/468/47 663/440/47
f 661/467/47 663/440/47 664/439/47
f 665/446/47 666/445/47 614/436/47
f 665/446/47 614/436/47 613/435/47
f 667/469/47 668/470/47 669/468/47
f 667/469/47 669/468/47 670/467/47
f 671/444/47 672/443/47 673/470/47
f 671/444/47 673/470/47 674/469/47
f 675/471/73 676/472/73 677/473/73
f 675/471/73 677/473/73 678/474/73
f 679/475/74 680/476/74 681/477/74
f 679/475/74 681/477/74 682/478/74
f 683/465/75 684/479/75 685/480/75
f 683/465/75 685/480/75 686/481/75
f 687/482/76 688/483/76 689/484/76
f 687/482/76 689/484/76 690/485/76
f 691/486/49 692/481/49 693/487/49
f 691/486/49 693/487/49 694/488/49
f 695/489/48 696/482/48 697/485/48
f 695/489/48 697/485/48 698/490/48
f 699/466/46 700/465/46 701/481/46
f 699/466/46 701/481/46 702/486/46
f 703/491/55 704/492/55 705/482/55
s 1
f 703/491/55 705/482/55 706/489/55
s 0
f 707/493/77 708/494/77 709/495/77
f 707/493/77 709/495/77 710/483/77
f 711/479/78 712/496/78 713/497/78
f 711/479/78 713/497/78 714/480/78
f 715/483/79 716/495/79 717/498/79
f 715/483/79 717/498/79 718/484/79
f 719/499/80 720/500/80 721/501/80
f 719/499/80 721/501/80 722/502/80
f 723/455/81 724/503/81 725/504/81
f 723/455/81 725/504/81 726/461/81
f 727/458/82 728/505/82 729/506/82
f 727/458/82 729/506/82 730/459/82
f 731/507/83 732/508/83 733/509/83
f 731/507/83 733/509/83 734/510/83
s 1
f 735/511/84 736/499/84 737/502/84
f 735/511/84 737/502/84 738/512/84
s 0
f 739/513/85 740/514/85 741/515/85
f 739/513/86 741/515/86 742/516/86
f 743/517/87 744/518/87 745/519/87
f 743/517/87 745/519/87 746/520/87
f 747/516/88 748/515/88 749/521/88
f 747/516/88 749/521/88 750/522/88
f 751/520/89 752/519/89 753/523/89
f 751/520/89 753/523/89 754/524/89
f 755/525/90 756/526/90 757/496/90
f 755/525/90 757/496/90 758/479/90
s 1
f 759/503/91 760/520/91 761/524/91
s 0
f 759/503/91 761/524/91 762/504/91
f 763/505/92 764/516/92 765/522/92
f 763/505/92 765/522/92 766/506/92
f 767/527/93 768/517/93 769/520/93
f 767/527/93 769/520/93 770/503/93
f 771/528/63 772/529/63 773/530/63
f 771/528/63 773/530/63 774/531/63
f 775/532/63 776/533/63 772/529/63
f 775/532/63 772/529/63 771/528/63
f 777/534/63 775/532/63 771/528/63
f 777/534/63 771/528/63 778/535/63
f 778/535/63 771/528/63 774/531/63
f 778/535/63 774/531/63 779/536/63
f 780/495/94 781/537/94 782/538/94
f 780/495/94 782/538/94 783/498/94
f 784/496/95 785/539/95 786/540/95
f 784/496/95 786/540/95 787/497/95
f 788/494/96 789/541/96 790/537/96
f 788/494/96 790/537/96 791/495/96
f 792/526/97 793/542/97 794/539/97
f 792/526/97 794/539/97 795/496/97
f 796/543/98 797/544/98 798/545/98
f 796/543/98 798/545/98 799/546/98
f 800/547/63 801/548/63 802/549/63
f 801/548/63 803/550/63 804/551/63
f 803/550/63 801/548/63 800/547/63
f 805/552/63 806/553/63 807/554/63
f 806/553/63 805/552/63 800/547/63
f 806/553/63 800/547/63 802/549/63
f 805/552/63 808/555/63 809/556/63
f 808/555/63 805/552/63 807/554/63
f 810/557/63 809/556/63 808/555/63
f 809/556/63 811/558/63 803/550/63
f 811/558/63 809/556/63 810/557/63
f 803/550/63 811/558/63 804/551/63
o Cube.002_Material.002_0
v 0.191370 5.077214 2.437029
v 0.191370 5.077213 1.936366
v 0.065047 5.920069 1.816419
v 0.065047 5.920069 2.556975
v 0.187749 5.077747 1.944117
v 0.718507 5.077747 1.944117
v 0.844663 5.919494 1.824328
v 0.061592 5.919494 1.824328
v 0.715110 5.078712 1.946680
v 0.715110 5.078713 2.426715
v 0.840983 5.918570 2.546234
v 0.840983 5.918570 1.827160
v 0.716789 5.078027 2.429317
v 0.189467 5.078027 2.429317
v 0.063394 5.919215 2.549027
v 0.842862 5.919215 2.549027
vn 0.9890 0.1482 -0.0000
vn -0.0000 0.1409 0.9900
vn -0.9890 0.1482 -0.0000
vn -0.0000 0.1409 -0.9900
vt 0.711613 0.590438
vt 0.595132 0.590438
vt 0.567225 0.788723
vt 0.739520 0.788723
vt 0.704175 0.392582
vt 0.580691 0.392582
vt 0.551340 0.590392
vt 0.733526 0.590392
vt 0.314187 0.196553
vt 0.202504 0.196553
vt 0.174697 0.394133
vt 0.341994 0.394133
vt 0.712078 0.802322
vt 0.589394 0.802322
vt 0.560062 1.000000
vt 0.741409 1.000000
s 0
usemtl Material.002
f 812/559/99 813/560/99 814/561/99
f 812/559/99 814/561/99 815/562/99
f 816/563/100 817/564/100 818/565/100
f 816/563/100 818/565/100 819/566/100
f 820/567/101 821/568/101 822/569/101
f 820/567/101 822/569/101 823/570/101
f 824/571/102 825/572/102 826/573/102
f 824/571/102 826/573/102 827/574/102
o Sphere_Material.001_0
v 0.453128 5.163198 2.229140
v 0.445724 5.163198 2.228411
v 0.453128 5.159460 2.191189
v 0.453128 5.548525 2.191189
v 0.445724 5.544787 2.228411
v 0.453128 5.544787 2.229140
v 0.438604 5.163198 2.226251
v 0.438604 5.544787 2.226251
v 0.432043 5.163198 2.222744
v 0.432043 5.544787 2.222744
v 0.426292 5.163198 2.218024
v 0.426292 5.544787 2.218024
v 0.421572 5.163198 2.212274
v 0.421572 5.544787 2.212274
v 0.418065 5.163198 2.205712
v 0.418065 5.544787 2.205712
v 0.415905 5.163198 2.198593
v 0.415905 5.544787 2.198593
v 0.415176 5.163198 2.191189
v 0.415176 5.544787 2.191189
v 0.415905 5.163198 2.183785
v 0.415905 5.544787 2.183785
v 0.418065 5.163198 2.176665
v 0.418065 5.544787 2.176665
v 0.421572 5.163198 2.170104
v 0.421572 5.544787 2.170104
v 0.426292 5.163198 2.164353
v 0.426292 5.544787 2.164353
v 0.432043 5.163198 2.159633
v 0.432043 5.544787 2.159633
v 0.438604 5.163198 2.156126
v 0.438604 5.544787 2.156126
v 0.445724 5.163198 2.153967
v 0.445724 5.544787 2.153967
v 0.453128 5.163198 2.153237
v 0.453128 5.544787 2.153237
v 0.460532 5.163198 2.153967
v 0.460532 5.544787 2.153967
v 0.467651 5.163198 2.156126
v 0.467651 5.544787 2.156126
v 0.474212 5.163198 2.159633
v 0.474212 5.544787 2.159633
v 0.479963 5.163198 2.164353
v 0.479963 5.544787 2.164353
v 0.484683 5.163198 2.170104
v 0.484683 5.544787 2.170104
v 0.488190 5.163198 2.176665
v 0.488190 5.544787 2.176665
v 0.490350 5.163198 2.183785
v 0.490350 5.544787 2.183785
v 0.491079 5.163198 2.191189
v 0.491079 5.544787 2.191189
v 0.490350 5.544787 2.198593
v 0.490350 5.163198 2.198593
v 0.488190 5.163198 2.205712
v 0.488190 5.544787 2.205712
v 0.484683 5.163198 2.212274
v 0.484683 5.544787 2.212274
v 0.479963 5.163198 2.218024
v 0.479963 5.544787 2.218024
v 0.474212 5.163198 2.222744
v 0.474212 5.544787 2.222744
v 0.467651 5.163198 2.226251
v 0.467651 5.544787 2.226251
v 0.460532 5.163198 2.228411
v 0.460532 5.544787 2.228411
v 0.453128 5.533717 2.265633
v 0.438604 5.533717 2.264203
v 0.432043 5.515740 2.297189
v 0.453128 5.515740 2.299265
v 0.453128 5.316041 2.381984
v 0.415905 5.316041 2.378318
v 0.418065 5.279549 2.367460
v 0.453128 5.279549 2.370914
v 0.453128 5.353993 2.385722
v 0.415176 5.353993 2.381984
v 0.453128 5.391944 2.381984
v 0.415905 5.391944 2.378318
v 0.453128 5.174268 2.265633
v 0.438604 5.174268 2.264203
v 0.453128 5.428437 2.370914
v 0.418065 5.428437 2.367460
v 0.453128 5.192245 2.299265
v 0.432043 5.192245 2.297189
v 0.453128 5.462069 2.352937
v 0.421572 5.462069 2.349829
v 0.453128 5.216437 2.328744
v 0.426292 5.216437 2.326101
v 0.453128 5.491548 2.328744
v 0.426292 5.491548 2.326101
v 0.453128 5.245916 2.352937
v 0.421572 5.245916 2.349829
v 0.453128 5.515740 2.299265
v 0.432043 5.515740 2.297189
v 0.453128 5.279549 2.370914
v 0.418065 5.279549 2.367460
v 0.411768 5.515740 2.291039
v 0.400487 5.491548 2.318274
v 0.418065 5.279549 2.367460
v 0.384350 5.279548 2.357233
v 0.391229 5.245916 2.340625
v 0.421572 5.245916 2.349829
v 0.424639 5.533717 2.259967
v 0.411768 5.515740 2.291039
v 0.415905 5.316041 2.378318
v 0.380113 5.316041 2.367460
v 0.415176 5.353993 2.381984
v 0.378683 5.353993 2.370914
v 0.380113 5.391944 2.367460
v 0.378683 5.353993 2.370914
v 0.424639 5.174268 2.259967
v 0.384350 5.428437 2.357233
v 0.411768 5.192245 2.291039
v 0.391229 5.462069 2.340625
v 0.400487 5.216437 2.318274
v 0.391229 5.245916 2.340625
v 0.411768 5.174268 2.253087
v 0.384350 5.428437 2.357233
v 0.353278 5.428437 2.340625
v 0.347128 5.391944 2.349829
v 0.380113 5.391944 2.367460
v 0.393083 5.192245 2.281051
v 0.391229 5.462069 2.340625
v 0.363265 5.462069 2.325677
v 0.376706 5.216437 2.305562
v 0.376706 5.491548 2.305562
v 0.363265 5.462069 2.325677
v 0.363265 5.245916 2.325677
v 0.376706 5.216437 2.305562
v 0.400487 5.216437 2.318274
v 0.393083 5.515740 2.281051
v 0.376706 5.491548 2.305562
v 0.400487 5.491548 2.318274
v 0.353278 5.279548 2.340625
v 0.411768 5.533717 2.253087
v 0.347128 5.316041 2.349829
v 0.345051 5.353992 2.352937
v 0.326043 5.279548 2.318274
v 0.338754 5.245916 2.305562
v 0.400487 5.533717 2.243829
v 0.376706 5.515740 2.267611
v 0.318215 5.316041 2.326101
v 0.315572 5.353992 2.328744
v 0.318215 5.391944 2.326101
v 0.400487 5.174268 2.243829
v 0.326043 5.428437 2.318274
v 0.376706 5.192245 2.267611
v 0.338754 5.462069 2.305562
v 0.355861 5.216437 2.288455
v 0.376706 5.491548 2.305562
v 0.355861 5.491548 2.288455
v 0.355861 5.216437 2.288455
v 0.355861 5.491548 2.288455
v 0.303692 5.428437 2.291039
v 0.294487 5.391944 2.297189
v 0.363265 5.192245 2.251233
v 0.391229 5.174268 2.232548
v 0.318639 5.462069 2.281051
v 0.338754 5.216437 2.267611
v 0.338754 5.491548 2.267611
v 0.318639 5.245916 2.281051
v 0.338754 5.216437 2.267611
v 0.363265 5.515740 2.251233
v 0.338754 5.491548 2.267611
v 0.303692 5.279548 2.291039
v 0.391229 5.533717 2.232548
v 0.294487 5.316041 2.297189
v 0.291379 5.353992 2.299265
v 0.384350 5.533717 2.219677
v 0.353278 5.515740 2.232548
v 0.276856 5.316041 2.264203
v 0.287083 5.279548 2.259967
v 0.273403 5.353992 2.265633
v 0.276856 5.391944 2.264203
v 0.384350 5.174268 2.219677
v 0.287083 5.428437 2.259967
v 0.353278 5.192245 2.232548
v 0.303692 5.462069 2.253087
v 0.326043 5.216437 2.243829
v 0.353278 5.192245 2.232548
v 0.363265 5.192245 2.251233
v 0.326043 5.491548 2.243829
v 0.303692 5.245916 2.253087
v 0.326043 5.491548 2.243829
v 0.294487 5.462069 2.222744
v 0.276856 5.428437 2.226251
v 0.318215 5.216437 2.218024
v 0.347128 5.192245 2.212274
v 0.318215 5.491548 2.218024
v 0.294487 5.245916 2.222744
v 0.347128 5.515740 2.212274
v 0.318215 5.491548 2.218024
v 0.276856 5.279548 2.226251
v 0.380113 5.533717 2.205712
v 0.265999 5.316041 2.228411
v 0.262333 5.353992 2.229140
v 0.265999 5.391944 2.228411
v 0.380113 5.174268 2.205712
v 0.347128 5.192245 2.212274
v 0.378683 5.533717 2.191189
v 0.258595 5.353992 2.191189
v 0.262333 5.316041 2.191189
v 0.262333 5.391944 2.191189
v 0.378683 5.174268 2.191189
v 0.273403 5.428437 2.191189
v 0.345051 5.192245 2.191189
v 0.291379 5.462069 2.191189
v 0.315572 5.216437 2.191189
v 0.345051 5.192245 2.191189
v 0.315572 5.491548 2.191189
v 0.291379 5.462069 2.191189
v 0.294487 5.462069 2.222744
v 0.291379 5.245916 2.191189
v 0.345051 5.515740 2.191189
v 0.273403 5.279548 2.191189
v 0.315572 5.216437 2.191189
v 0.318215 5.216437 2.164353
v 0.347128 5.192245 2.170104
v 0.318215 5.491548 2.164353
v 0.294487 5.462069 2.159633
v 0.294487 5.245916 2.159633
v 0.318215 5.216437 2.164353
v 0.347128 5.515740 2.170104
v 0.276856 5.279548 2.156126
v 0.380113 5.533717 2.176665
v 0.265999 5.316041 2.153966
v 0.262333 5.353992 2.153237
v 0.265999 5.391944 2.153966
v 0.380113 5.174268 2.176665
v 0.276856 5.428437 2.156126
v 0.294487 5.462069 2.159633
v 0.273403 5.353992 2.116744
v 0.276856 5.316041 2.118175
v 0.276856 5.391944 2.118175
v 0.384350 5.174268 2.162700
v 0.287083 5.428437 2.122411
v 0.353278 5.192245 2.149830
v 0.303692 5.462069 2.129291
v 0.287083 5.428437 2.122411
v 0.276856 5.428437 2.156126
v 0.318215 5.216437 2.164353
v 0.326043 5.216437 2.138549
v 0.353278 5.192245 2.149830
v 0.347128 5.192245 2.170104
v 0.326043 5.491548 2.138549
v 0.294487 5.245916 2.159633
v 0.303692 5.245916 2.129291
v 0.353278 5.515740 2.149830
v 0.276856 5.279548 2.156126
v 0.287083 5.279548 2.122411
v 0.384350 5.533717 2.162700
v 0.265999 5.316041 2.153966
v 0.276856 5.316041 2.118175
v 0.338754 5.491548 2.114767
v 0.318639 5.462069 2.101326
v 0.318639 5.245916 2.101326
v 0.338754 5.216437 2.114767
v 0.363265 5.515740 2.131145
v 0.303692 5.279548 2.091339
v 0.391229 5.533717 2.149830
v 0.294487 5.316041 2.085189
v 0.273403 5.353992 2.116744
v 0.291379 5.353992 2.083112
v 0.276856 5.391944 2.118175
v 0.294487 5.391944 2.085189
v 0.391229 5.174268 2.149830
v 0.287083 5.428437 2.122411
v 0.303692 5.428437 2.091339
v 0.363265 5.192245 2.131145
v 0.303692 5.428437 2.091339
v 0.363265 5.192245 2.131145
v 0.318215 5.391944 2.056276
v 0.315572 5.353992 2.053633
v 0.400487 5.174268 2.138549
v 0.326043 5.428437 2.064104
v 0.376706 5.192245 2.114767
v 0.338754 5.462069 2.076816
v 0.326043 5.428437 2.064104
v 0.355861 5.216437 2.093922
v 0.376706 5.192245 2.114767
v 0.355861 5.491548 2.093922
v 0.338754 5.245916 2.076816
v 0.376706 5.515740 2.114767
v 0.326043 5.279548 2.064104
v 0.400487 5.533717 2.138549
v 0.318215 5.316041 2.056276
v 0.363265 5.245916 2.056700
v 0.376706 5.216437 2.076816
v 0.393083 5.515740 2.101326
v 0.376706 5.491548 2.076816
v 0.353278 5.279548 2.041753
v 0.411768 5.533717 2.129291
v 0.347128 5.316041 2.032549
v 0.345051 5.353992 2.029441
v 0.347128 5.391944 2.032549
v 0.411768 5.174268 2.129291
v 0.353278 5.428437 2.041753
v 0.393083 5.192245 2.101326
v 0.363265 5.462069 2.056700
v 0.353278 5.428437 2.041753
v 0.393083 5.192245 2.101326
v 0.380114 5.391944 2.014917
v 0.378683 5.353992 2.011464
v 0.424639 5.174268 2.122411
v 0.384350 5.428437 2.025145
v 0.411768 5.192245 2.091339
v 0.424639 5.174268 2.122411
v 0.411768 5.174268 2.129291
v 0.363265 5.462069 2.056700
v 0.391229 5.462069 2.041753
v 0.400487 5.216437 2.064104
v 0.400487 5.491548 2.064104
v 0.391229 5.462069 2.041753
v 0.391229 5.245916 2.041753
v 0.411768 5.515740 2.091339
v 0.384350 5.279548 2.025145
v 0.424639 5.533717 2.122411
v 0.380114 5.316041 2.014917
v 0.432043 5.515740 2.085189
v 0.426292 5.491548 2.056276
v 0.418065 5.279548 2.014917
v 0.421572 5.245916 2.032549
v 0.438604 5.533717 2.118175
v 0.415905 5.316041 2.004060
v 0.415176 5.353992 2.000394
v 0.415905 5.391944 2.004060
v 0.438604 5.174268 2.118175
v 0.418065 5.428437 2.014917
v 0.411768 5.192245 2.091339
v 0.432043 5.192245 2.085189
v 0.421572 5.462069 2.032549
v 0.426292 5.216437 2.056276
v 0.432043 5.192245 2.085189
v 0.421572 5.462069 2.032549
v 0.453128 5.428437 2.011464
v 0.453128 5.391944 2.000394
v 0.453128 5.192245 2.083112
v 0.453128 5.174268 2.116744
v 0.453128 5.462069 2.029441
v 0.453128 5.428437 2.011464
v 0.418065 5.428437 2.014917
v 0.453128 5.216437 2.053633
v 0.453128 5.192245 2.083112
v 0.453128 5.491548 2.053633
v 0.453128 5.245916 2.029441
v 0.453128 5.515740 2.083112
v 0.453128 5.279548 2.011464
v 0.453128 5.533717 2.116744
v 0.453128 5.316041 2.000394
v 0.453128 5.353992 1.996656
v 0.467651 5.533717 2.118175
v 0.474212 5.515740 2.085189
v 0.490350 5.316041 2.004060
v 0.488190 5.279548 2.014917
v 0.491079 5.353992 2.000394
v 0.490350 5.391944 2.004060
v 0.467651 5.174268 2.118175
v 0.488190 5.428437 2.014917
v 0.474212 5.192245 2.085189
v 0.484683 5.462069 2.032549
v 0.488190 5.428437 2.014917
v 0.479963 5.216437 2.056276
v 0.474212 5.192245 2.085189
v 0.479963 5.491548 2.056276
v 0.484683 5.245916 2.032549
v 0.494487 5.192245 2.091339
v 0.481616 5.174268 2.122411
v 0.484683 5.462069 2.032549
v 0.515026 5.462069 2.041753
v 0.521905 5.428437 2.025145
v 0.488190 5.428437 2.014917
v 0.505768 5.216437 2.064104
v 0.494487 5.192245 2.091339
v 0.505768 5.491548 2.064104
v 0.515026 5.462069 2.041753
v 0.515026 5.245916 2.041753
v 0.494487 5.515740 2.091339
v 0.521905 5.279548 2.025145
v 0.481616 5.533717 2.122411
v 0.526142 5.316041 2.014917
v 0.527572 5.353992 2.011464
v 0.490350 5.391944 2.004060
v 0.526142 5.391944 2.014917
v 0.527572 5.353992 2.011464
v 0.491079 5.353992 2.000394
v 0.526142 5.316041 2.014917
v 0.559128 5.316041 2.032549
v 0.552977 5.279548 2.041753
v 0.521905 5.279548 2.025145
v 0.494487 5.533717 2.129291
v 0.561204 5.353992 2.029441
v 0.559128 5.391944 2.032549
v 0.494487 5.174268 2.129291
v 0.552977 5.428437 2.041753
v 0.513172 5.192245 2.101326
v 0.542990 5.462069 2.056700
v 0.505768 5.216437 2.064104
v 0.529549 5.216437 2.076816
v 0.505768 5.491548 2.064104
v 0.529549 5.491548 2.076816
v 0.542990 5.245916 2.056700
v 0.529549 5.216437 2.076816
v 0.513172 5.515740 2.101326
v 0.529549 5.491548 2.076816
v 0.542990 5.245916 2.056700
v 0.515026 5.245916 2.041753
v 0.567501 5.462069 2.076816
v 0.580212 5.428437 2.064104
v 0.550394 5.216437 2.093922
v 0.529549 5.192245 2.114767
v 0.550394 5.491548 2.093922
v 0.567501 5.245916 2.076816
v 0.550394 5.216437 2.093922
v 0.529549 5.216437 2.076816
v 0.529549 5.515740 2.114767
v 0.550394 5.491548 2.093922
v 0.580212 5.279548 2.064104
v 0.505768 5.533717 2.138549
v 0.588040 5.316041 2.056277
v 0.590683 5.353992 2.053633
v 0.588040 5.391944 2.056277
v 0.505768 5.174268 2.138549
v 0.515026 5.533717 2.149830
v 0.614876 5.353992 2.083112
v 0.611768 5.316041 2.085189
v 0.611768 5.391944 2.085189
v 0.515026 5.174268 2.149830
v 0.602563 5.428437 2.091339
v 0.542990 5.192245 2.131145
v 0.587616 5.462069 2.101326
v 0.567501 5.216437 2.114767
v 0.567501 5.491548 2.114767
v 0.587616 5.245916 2.101326
v 0.567501 5.216437 2.114767
v 0.542990 5.515740 2.131145
v 0.567501 5.491548 2.114767
v 0.602563 5.279548 2.091339
v 0.580212 5.216437 2.138549
v 0.552977 5.192245 2.149830
v 0.580212 5.491548 2.138549
v 0.602563 5.462069 2.129291
v 0.602563 5.245916 2.129291
v 0.580212 5.216437 2.138549
v 0.542990 5.515740 2.131145
v 0.552977 5.515740 2.149830
v 0.619172 5.279548 2.122411
v 0.521905 5.533717 2.162700
v 0.552977 5.515740 2.149830
v 0.629399 5.316041 2.118175
v 0.632852 5.353992 2.116745
v 0.629399 5.391944 2.118175
v 0.521905 5.174268 2.162700
v 0.619172 5.428437 2.122411
v 0.643922 5.353992 2.153237
v 0.640256 5.316041 2.153967
v 0.640256 5.391944 2.153967
v 0.526142 5.174268 2.176665
v 0.629399 5.428437 2.156126
v 0.559128 5.192245 2.170104
v 0.611768 5.462069 2.159633
v 0.588040 5.216437 2.164353
v 0.588040 5.491548 2.164353
v 0.611768 5.245916 2.159633
v 0.588040 5.216437 2.164353
v 0.559128 5.515740 2.170104
v 0.629399 5.279548 2.156126
v 0.526142 5.533717 2.176665
v 0.559128 5.515740 2.170104
v 0.590683 5.491548 2.191189
v 0.614876 5.462069 2.191189
v 0.611768 5.245916 2.159633
v 0.614876 5.245916 2.191189
v 0.590683 5.216437 2.191189
v 0.561204 5.515740 2.191189
v 0.632852 5.279548 2.191189
v 0.614876 5.245916 2.191189
v 0.527572 5.533717 2.191189
v 0.561204 5.515740 2.191189
v 0.643922 5.316041 2.191189
v 0.647660 5.353992 2.191189
v 0.643922 5.391944 2.191189
v 0.527572 5.174268 2.191189
v 0.632852 5.428437 2.191189
v 0.561204 5.192245 2.191189
v 0.640256 5.391944 2.228411
v 0.643922 5.353992 2.229140
v 0.526142 5.174268 2.205712
v 0.629399 5.428437 2.226251
v 0.559127 5.192245 2.212274
v 0.611768 5.462069 2.222744
v 0.588040 5.216437 2.218024
v 0.588040 5.491548 2.218024
v 0.611768 5.245916 2.222744
v 0.559127 5.515740 2.212274
v 0.588040 5.491548 2.218024
v 0.590683 5.491548 2.191189
v 0.629399 5.279548 2.226251
v 0.611768 5.245916 2.222744
v 0.526142 5.533717 2.205712
v 0.640256 5.316041 2.228411
v 0.559127 5.515740 2.212274
v 0.552977 5.515740 2.232548
v 0.580212 5.491548 2.243829
v 0.588040 5.491548 2.218024
v 0.629399 5.279548 2.226251
v 0.619172 5.279548 2.259967
v 0.602563 5.245916 2.253087
v 0.521905 5.533717 2.219677
v 0.552977 5.515740 2.232548
v 0.629399 5.316041 2.264203
v 0.619172 5.279548 2.259967
v 0.632852 5.353992 2.265633
v 0.629399 5.391944 2.264203
v 0.521905 5.174268 2.219677
v 0.629399 5.428437 2.226251
v 0.619172 5.428437 2.259967
v 0.629399 5.391944 2.264203
v 0.640256 5.391944 2.228411
v 0.552977 5.192245 2.232548
v 0.611768 5.462069 2.222744
v 0.602563 5.462069 2.253087
v 0.580212 5.216437 2.243829
v 0.515026 5.174268 2.232548
v 0.602563 5.428437 2.291039
v 0.611768 5.391944 2.297189
v 0.542990 5.192245 2.251233
v 0.587616 5.462069 2.281051
v 0.567501 5.216437 2.267611
v 0.567501 5.491548 2.267611
v 0.587616 5.245916 2.281051
v 0.542990 5.515740 2.251233
v 0.602563 5.279548 2.291039
v 0.515026 5.533717 2.232548
v 0.542990 5.515740 2.251233
v 0.629399 5.316041 2.264203
v 0.611768 5.316041 2.297189
v 0.602563 5.279548 2.291039
v 0.619172 5.279548 2.259967
v 0.632852 5.353992 2.265633
v 0.614875 5.353992 2.299265
v 0.580212 5.279548 2.318274
v 0.567501 5.245916 2.305562
v 0.505768 5.533717 2.243829
v 0.529549 5.515740 2.267611
v 0.588040 5.316041 2.326101
v 0.580212 5.279548 2.318274
v 0.590683 5.353992 2.328744
v 0.588040 5.391944 2.326101
v 0.505768 5.174268 2.243829
v 0.580212 5.428437 2.318274
v 0.529549 5.192245 2.267611
v 0.567501 5.462069 2.305562
v 0.550394 5.216437 2.288455
v 0.550394 5.491548 2.288455
v 0.529549 5.515740 2.267611
v 0.552977 5.428437 2.340625
v 0.559127 5.391944 2.349829
v 0.513172 5.192245 2.281051
v 0.494487 5.174268 2.253087
v 0.542990 5.462069 2.325677
v 0.529549 5.216437 2.305562
v 0.529549 5.491548 2.305562
v 0.542990 5.245916 2.325677
v 0.513172 5.515740 2.281051
v 0.552977 5.279548 2.340625
v 0.494487 5.533717 2.253087
v 0.513172 5.515740 2.281051
v 0.559127 5.316041 2.349829
v 0.552977 5.279548 2.340625
v 0.561204 5.353992 2.352937
v 0.494487 5.533717 2.253087
v 0.481616 5.533717 2.259967
v 0.494487 5.515740 2.291039
v 0.526142 5.316041 2.367460
v 0.521905 5.279548 2.357233
v 0.481616 5.533717 2.259967
v 0.527572 5.353993 2.370914
v 0.526142 5.391944 2.367460
v 0.481616 5.174268 2.259967
v 0.521905 5.428437 2.357233
v 0.494487 5.192245 2.291039
v 0.515026 5.462069 2.340625
v 0.505768 5.216437 2.318274
v 0.505768 5.491548 2.318274
v 0.515026 5.245916 2.340625
v 0.515026 5.245916 2.340625
v 0.542990 5.245916 2.325677
v 0.474212 5.192245 2.297189
v 0.467651 5.174268 2.264203
v 0.484683 5.462069 2.349829
v 0.488190 5.428437 2.367460
v 0.479963 5.216437 2.326101
v 0.479963 5.491548 2.326101
v 0.484683 5.245916 2.349829
v 0.474212 5.515740 2.297189
v 0.488190 5.279549 2.367460
v 0.484683 5.245916 2.349829
v 0.467651 5.533717 2.264203
v 0.474212 5.515740 2.297189
v 0.494487 5.515740 2.291039
v 0.490350 5.316041 2.378318
v 0.491079 5.353993 2.381984
v 0.490350 5.391944 2.378318
v 0.488190 5.279549 2.367460
vn -0.0000 -0.9796 0.2010
vn -0.0392 -0.9796 0.1971
vn -0.0000 -1.0000 -0.0000
vn -0.0000 1.0000 -0.0000
vn -0.0392 0.9796 0.1971
vn -0.0000 0.9796 0.2010
vn -0.0769 -0.9796 0.1857
vn -0.0769 0.9796 0.1857
vn -0.1117 -0.9796 0.1671
vn -0.1117 0.9796 0.1671
vn -0.1421 -0.9796 0.1421
vn -0.1421 0.9796 0.1421
vn -0.1671 -0.9796 0.1117
vn -0.1671 0.9796 0.1117
vn -0.1857 -0.9796 0.0769
vn -0.1857 0.9796 0.0769
vn -0.1971 -0.9796 0.0392
vn -0.1971 0.9796 0.0392
vn -0.2010 -0.9796 -0.0000
vn -0.2010 0.9796 -0.0000
vn -0.1971 -0.9796 -0.0392
vn -0.1971 0.9796 -0.0392
vn -0.1857 -0.9796 -0.0769
vn -0.1857 0.9796 -0.0769
vn -0.1671 -0.9796 -0.1117
vn -0.1671 0.9796 -0.1116
vn -0.1421 -0.9796 -0.1421
vn -0.1421 0.9796 -0.1421
vn -0.1117 -0.9796 -0.1671
vn -0.1117 0.9796 -0.1671
vn -0.0769 -0.9796 -0.1857
vn -0.0769 0.9796 -0.1857
vn -0.0392 -0.9796 -0.1971
vn -0.0392 0.9796 -0.1971
vn -0.0000 -0.9796 -0.2010
vn -0.0000 0.9796 -0.2010
vn 0.0392 -0.9796 -0.1971
vn 0.0392 0.9796 -0.1971
vn 0.0769 -0.9796 -0.1857
vn 0.0769 0.9796 -0.1857
vn 0.1117 -0.9796 -0.1671
vn 0.1117 0.9796 -0.1671
vn 0.1421 -0.9796 -0.1421
vn 0.1421 0.9796 -0.1421
vn 0.1671 -0.9796 -0.1116
vn 0.1671 0.9796 -0.1117
vn 0.1857 -0.9796 -0.0769
vn 0.1857 0.9796 -0.0769
vn 0.1971 -0.9796 -0.0392
vn 0.1971 0.9796 -0.0392
vn 0.2010 -0.9796 -0.0000
vn 0.2010 0.9796 -0.0000
vn 0.1971 0.9796 0.0392
vn 0.1971 -0.9796 0.0392
vn 0.1857 -0.9796 0.0769
vn 0.1857 0.9796 0.0769
vn 0.1671 -0.9796 0.1116
vn 0.1671 0.9796 0.1116
vn 0.1421 -0.9796 0.1421
vn 0.1421 0.9796 0.1421
vn 0.1117 -0.9796 0.1671
vn 0.1117 0.9796 0.1671
vn 0.0769 -0.9796 0.1857
vn 0.0769 0.9796 0.1857
vn 0.0392 -0.9796 0.1971
vn 0.0392 0.9796 0.1971
vn -0.0000 0.9217 0.3879
vn -0.0757 0.9217 0.3804
vn -0.1092 0.8287 0.5490
vn -0.0000 0.8287 0.5598
vn -0.0000 -0.1939 0.9810
vn -0.1914 -0.1939 0.9622
vn -0.1804 -0.3805 0.9070
vn -0.0000 -0.3805 0.9248
vn -0.0000 -0.0000 1.0000
vn -0.1951 -0.0000 0.9808
vn -0.0000 0.1939 0.9810
vn -0.1914 0.1939 0.9622
vn -0.0000 -0.9217 0.3879
vn -0.0757 -0.9217 0.3804
vn -0.0000 0.3805 0.9248
vn -0.1804 0.3805 0.9070
vn -0.0000 -0.8286 0.5598
vn -0.1092 -0.8286 0.5490
vn -0.0000 0.5528 0.8333
vn -0.1626 0.5528 0.8173
vn -0.0000 -0.7041 0.7101
vn -0.1385 -0.7041 0.6965
vn -0.0000 0.7041 0.7101
vn -0.1385 0.7041 0.6965
vn -0.0000 -0.5528 0.8333
vn -0.1626 -0.5528 0.8173
vn -0.0000 0.8286 0.5598
vn -0.1092 0.8286 0.5490
vn -0.1804 -0.3806 0.9070
vn -0.2142 0.8286 0.5172
vn -0.2718 0.7040 0.6561
vn -0.3539 -0.3805 0.8544
vn -0.3189 -0.5527 0.7699
vn -0.1626 -0.5527 0.8173
vn -0.1484 0.9217 0.3584
vn -0.2142 0.8287 0.5171
vn -0.3754 -0.1939 0.9063
vn -0.3827 -0.0000 0.9239
vn -0.3754 0.1939 0.9063
vn -0.3826 -0.0000 0.9239
vn -0.1484 -0.9217 0.3584
vn -0.3539 0.3805 0.8544
vn -0.2142 -0.8286 0.5172
vn -0.3189 0.5528 0.7699
vn -0.2718 -0.7041 0.6561
vn -0.3189 -0.5528 0.7699
vn -0.2155 -0.9217 0.3225
vn -0.5138 0.3805 0.7689
vn -0.5450 0.1939 0.8157
vn -0.3110 -0.8286 0.4654
vn -0.4630 0.5527 0.6929
vn -0.3945 -0.7041 0.5904
vn -0.3945 0.7040 0.5905
vn -0.4629 0.5528 0.6929
vn -0.4630 -0.5528 0.6929
vn -0.3945 -0.7040 0.5905
vn -0.2718 -0.7040 0.6561
vn -0.3110 0.8286 0.4654
vn -0.3945 0.7041 0.5904
vn -0.2718 0.7041 0.6561
vn -0.5138 -0.3805 0.7689
vn -0.2155 0.9217 0.3225
vn -0.5450 -0.1939 0.8157
vn -0.5556 -0.0000 0.8315
vn -0.6539 -0.3805 0.6539
vn -0.5893 -0.5528 0.5893
vn -0.2743 0.9217 0.2743
vn -0.3958 0.8286 0.3958
vn -0.6937 -0.1939 0.6937
vn -0.7071 -0.0000 0.7071
vn -0.6937 0.1939 0.6937
vn -0.2743 -0.9217 0.2743
vn -0.6539 0.3805 0.6539
vn -0.3958 -0.8286 0.3958
vn -0.5893 0.5528 0.5893
vn -0.5021 -0.7041 0.5021
vn -0.3945 0.7041 0.5905
vn -0.5021 0.7040 0.5022
vn -0.5022 -0.7040 0.5022
vn -0.5021 0.7041 0.5021
vn -0.7689 0.3805 0.5138
vn -0.8157 0.1939 0.5450
vn -0.4654 -0.8287 0.3110
vn -0.3225 -0.9217 0.2155
vn -0.6929 0.5528 0.4630
vn -0.5904 -0.7041 0.3945
vn -0.5905 0.7040 0.3945
vn -0.6929 -0.5528 0.4630
vn -0.5905 -0.7040 0.3945
vn -0.4654 0.8286 0.3110
vn -0.5904 0.7041 0.3945
vn -0.7689 -0.3805 0.5138
vn -0.3225 0.9217 0.2155
vn -0.8157 -0.1939 0.5450
vn -0.8315 -0.0000 0.5556
vn -0.3584 0.9217 0.1484
vn -0.5172 0.8286 0.2142
vn -0.9063 -0.1939 0.3754
vn -0.8544 -0.3805 0.3539
vn -0.9239 -0.0000 0.3827
vn -0.9063 0.1939 0.3754
vn -0.3584 -0.9217 0.1484
vn -0.8544 0.3805 0.3539
vn -0.5171 -0.8287 0.2142
vn -0.7699 0.5528 0.3189
vn -0.6561 -0.7041 0.2718
vn -0.5172 -0.8286 0.2142
vn -0.4654 -0.8286 0.3110
vn -0.6561 0.7040 0.2718
vn -0.7699 -0.5528 0.3189
vn -0.6561 0.7041 0.2718
vn -0.8173 0.5527 0.1626
vn -0.9070 0.3805 0.1804
vn -0.6965 -0.7041 0.1385
vn -0.5490 -0.8286 0.1092
vn -0.6965 0.7040 0.1386
vn -0.8173 -0.5528 0.1626
vn -0.5490 0.8286 0.1092
vn -0.6965 0.7041 0.1385
vn -0.9070 -0.3805 0.1804
vn -0.3804 0.9217 0.0757
vn -0.9622 -0.1939 0.1914
vn -0.9808 -0.0000 0.1951
vn -0.9622 0.1939 0.1914
vn -0.3804 -0.9217 0.0757
vn -0.3879 0.9217 -0.0000
vn -1.0000 -0.0000 -0.0000
vn -0.9810 -0.1939 -0.0000
vn -0.9810 0.1939 -0.0000
vn -0.3879 -0.9217 -0.0000
vn -0.9248 0.3805 -0.0000
vn -0.5598 -0.8286 -0.0000
vn -0.8334 0.5527 -0.0000
vn -0.7101 -0.7041 -0.0000
vn -0.7101 0.7041 -0.0000
vn -0.8333 0.5528 -0.0000
vn -0.8173 0.5528 0.1625
vn -0.8333 -0.5528 -0.0000
vn -0.5598 0.8286 -0.0000
vn -0.9248 -0.3805 -0.0000
vn -0.6965 -0.7041 -0.1385
vn -0.5490 -0.8287 -0.1092
vn -0.6965 0.7041 -0.1385
vn -0.8173 0.5528 -0.1626
vn -0.8173 -0.5528 -0.1625
vn -0.6965 -0.7040 -0.1385
vn -0.5490 0.8286 -0.1092
vn -0.9070 -0.3805 -0.1804
vn -0.3804 0.9217 -0.0757
vn -0.9622 -0.1939 -0.1914
vn -0.9808 -0.0000 -0.1951
vn -0.9622 0.1939 -0.1914
vn -0.3804 -0.9217 -0.0757
vn -0.9070 0.3805 -0.1804
vn -0.8173 0.5527 -0.1626
vn -0.9239 -0.0000 -0.3827
vn -0.9064 -0.1939 -0.3754
vn -0.9063 0.1939 -0.3754
vn -0.3584 -0.9217 -0.1484
vn -0.8544 0.3805 -0.3539
vn -0.5171 -0.8287 -0.2142
vn -0.7699 0.5528 -0.3189
vn -0.8544 0.3806 -0.3539
vn -0.9070 0.3806 -0.1804
vn -0.6561 -0.7041 -0.2718
vn -0.5172 -0.8286 -0.2142
vn -0.5490 -0.8286 -0.1092
vn -0.6561 0.7041 -0.2718
vn -0.8173 -0.5528 -0.1626
vn -0.7699 -0.5528 -0.3189
vn -0.5172 0.8286 -0.2142
vn -0.8544 -0.3805 -0.3539
vn -0.3584 0.9217 -0.1484
vn -0.9622 -0.1940 -0.1914
vn -0.9063 -0.1940 -0.3754
vn -0.5905 0.7041 -0.3945
vn -0.6929 0.5528 -0.4630
vn -0.6929 -0.5528 -0.4630
vn -0.5905 -0.7041 -0.3945
vn -0.4654 0.8286 -0.3110
vn -0.7689 -0.3805 -0.5138
vn -0.3225 0.9217 -0.2155
vn -0.8157 -0.1939 -0.5450
vn -0.8315 -0.0000 -0.5556
vn -0.8157 0.1939 -0.5450
vn -0.3225 -0.9217 -0.2155
vn -0.7689 0.3805 -0.5138
vn -0.4654 -0.8287 -0.3110
vn -0.7689 0.3806 -0.5138
vn -0.4655 -0.8286 -0.3110
vn -0.6937 0.1939 -0.6937
vn -0.7071 -0.0000 -0.7071
vn -0.2743 -0.9217 -0.2743
vn -0.6539 0.3805 -0.6539
vn -0.3958 -0.8287 -0.3958
vn -0.5893 0.5528 -0.5893
vn -0.5021 -0.7041 -0.5021
vn -0.3958 -0.8286 -0.3958
vn -0.5021 0.7041 -0.5021
vn -0.5893 -0.5528 -0.5893
vn -0.3958 0.8286 -0.3958
vn -0.6539 -0.3805 -0.6539
vn -0.2743 0.9217 -0.2743
vn -0.6937 -0.1939 -0.6937
vn -0.4630 -0.5528 -0.6929
vn -0.3945 -0.7041 -0.5905
vn -0.3110 0.8286 -0.4654
vn -0.3945 0.7041 -0.5905
vn -0.5138 -0.3805 -0.7689
vn -0.2155 0.9217 -0.3225
vn -0.5450 -0.1939 -0.8157
vn -0.5556 -0.0000 -0.8315
vn -0.5450 0.1939 -0.8157
vn -0.2155 -0.9217 -0.3225
vn -0.5138 0.3805 -0.7689
vn -0.3110 -0.8287 -0.4654
vn -0.4630 0.5528 -0.6929
vn -0.5138 0.3806 -0.7689
vn -0.3754 0.1939 -0.9063
vn -0.3827 -0.0000 -0.9239
vn -0.1484 -0.9217 -0.3583
vn -0.3539 0.3805 -0.8544
vn -0.2142 -0.8286 -0.5172
vn -0.1485 -0.9217 -0.3584
vn -0.4630 0.5527 -0.6929
vn -0.3189 0.5527 -0.7699
vn -0.2718 -0.7041 -0.6561
vn -0.2718 0.7041 -0.6561
vn -0.3189 0.5528 -0.7699
vn -0.3189 -0.5528 -0.7699
vn -0.2142 0.8286 -0.5172
vn -0.3539 -0.3805 -0.8544
vn -0.1484 0.9217 -0.3584
vn -0.3754 -0.1939 -0.9063
vn -0.1092 0.8286 -0.5490
vn -0.1385 0.7041 -0.6965
vn -0.1804 -0.3805 -0.9070
vn -0.1626 -0.5528 -0.8173
vn -0.0757 0.9217 -0.3804
vn -0.1914 -0.1939 -0.9622
vn -0.1951 -0.0000 -0.9808
vn -0.1914 0.1939 -0.9622
vn -0.0757 -0.9217 -0.3804
vn -0.1804 0.3805 -0.9070
vn -0.2142 -0.8287 -0.5171
vn -0.1092 -0.8287 -0.5490
vn -0.1626 0.5527 -0.8173
vn -0.1385 -0.7041 -0.6965
vn -0.1092 -0.8286 -0.5490
vn -0.1626 0.5528 -0.8173
vn -0.0000 0.3805 -0.9248
vn -0.0000 0.1939 -0.9810
vn -0.0000 -0.8287 -0.5597
vn -0.0000 -0.9217 -0.3879
vn -0.0000 0.5528 -0.8333
vn -0.0000 0.3806 -0.9248
vn -0.1804 0.3806 -0.9070
vn -0.0000 -0.7041 -0.7101
vn -0.0000 -0.8286 -0.5598
vn -0.0000 0.7041 -0.7101
vn -0.0000 -0.5528 -0.8333
vn -0.0000 0.8286 -0.5598
vn -0.0000 -0.3805 -0.9248
vn -0.0000 0.9217 -0.3879
vn -0.0000 -0.1939 -0.9810
vn -0.0000 -0.0000 -1.0000
vn 0.0757 0.9217 -0.3804
vn 0.1092 0.8286 -0.5490
vn 0.1914 -0.1939 -0.9622
vn 0.1804 -0.3805 -0.9070
vn 0.1951 -0.0000 -0.9808
vn 0.1914 0.1939 -0.9622
vn 0.0757 -0.9217 -0.3804
vn 0.1804 0.3805 -0.9070
vn 0.1092 -0.8287 -0.5490
vn 0.1626 0.5528 -0.8173
vn 0.1804 0.3806 -0.9070
vn 0.1385 -0.7041 -0.6965
vn 0.1092 -0.8286 -0.5490
vn 0.1385 0.7041 -0.6965
vn 0.1626 -0.5528 -0.8173
vn 0.2142 -0.8286 -0.5172
vn 0.1484 -0.9217 -0.3584
vn 0.1626 0.5527 -0.8173
vn 0.3189 0.5527 -0.7699
vn 0.3539 0.3805 -0.8544
vn 0.2718 -0.7040 -0.6561
vn 0.2718 0.7041 -0.6561
vn 0.3189 0.5528 -0.7699
vn 0.3189 -0.5528 -0.7699
vn 0.2142 0.8286 -0.5172
vn 0.3539 -0.3805 -0.8544
vn 0.1484 0.9217 -0.3584
vn 0.3754 -0.1939 -0.9063
vn 0.3827 -0.0000 -0.9239
vn 0.3754 0.1939 -0.9063
vn 0.5450 -0.1939 -0.8157
vn 0.5138 -0.3805 -0.7689
vn 0.2155 0.9217 -0.3225
vn 0.5556 -0.0000 -0.8315
vn 0.5450 0.1939 -0.8157
vn 0.2155 -0.9217 -0.3225
vn 0.5138 0.3805 -0.7689
vn 0.3110 -0.8286 -0.4654
vn 0.4630 0.5528 -0.6929
vn 0.2718 -0.7041 -0.6561
vn 0.3945 -0.7041 -0.5904
vn 0.2718 0.7040 -0.6561
vn 0.3945 0.7040 -0.5905
vn 0.4629 -0.5528 -0.6929
vn 0.3945 -0.7040 -0.5905
vn 0.3110 0.8286 -0.4654
vn 0.3945 0.7041 -0.5904
vn 0.4630 -0.5527 -0.6929
vn 0.3189 -0.5527 -0.7699
vn 0.5893 0.5528 -0.5893
vn 0.6539 0.3805 -0.6539
vn 0.5021 -0.7041 -0.5021
vn 0.3958 -0.8286 -0.3958
vn 0.5021 0.7040 -0.5022
vn 0.5893 -0.5528 -0.5893
vn 0.5022 -0.7040 -0.5022
vn 0.3946 -0.7040 -0.5905
vn 0.3958 0.8286 -0.3958
vn 0.5021 0.7041 -0.5021
vn 0.6539 -0.3805 -0.6539
vn 0.2743 0.9217 -0.2743
vn 0.6937 -0.1939 -0.6937
vn 0.7071 -0.0000 -0.7071
vn 0.6937 0.1939 -0.6937
vn 0.2743 -0.9217 -0.2743
vn 0.3225 0.9217 -0.2155
vn 0.8315 -0.0000 -0.5556
vn 0.8157 -0.1939 -0.5450
vn 0.8157 0.1939 -0.5450
vn 0.3225 -0.9217 -0.2155
vn 0.7689 0.3805 -0.5138
vn 0.4654 -0.8286 -0.3110
vn 0.6929 0.5528 -0.4630
vn 0.5904 -0.7041 -0.3945
vn 0.5904 0.7041 -0.3945
vn 0.6929 -0.5528 -0.4630
vn 0.5905 -0.7040 -0.3945
vn 0.4654 0.8286 -0.3110
vn 0.7689 -0.3805 -0.5138
vn 0.6561 -0.7041 -0.2717
vn 0.5172 -0.8286 -0.2142
vn 0.6561 0.7041 -0.2718
vn 0.7699 0.5528 -0.3189
vn 0.7699 -0.5528 -0.3189
vn 0.6561 -0.7040 -0.2718
vn 0.5172 0.8286 -0.2142
vn 0.8544 -0.3805 -0.3539
vn 0.3584 0.9217 -0.1484
vn 0.5171 0.8287 -0.2142
vn 0.9063 -0.1939 -0.3754
vn 0.9239 -0.0000 -0.3827
vn 0.9063 0.1939 -0.3754
vn 0.3584 -0.9217 -0.1484
vn 0.8544 0.3805 -0.3539
vn 0.9808 -0.0000 -0.1951
vn 0.9622 -0.1939 -0.1914
vn 0.9622 0.1939 -0.1914
vn 0.3804 -0.9217 -0.0757
vn 0.9070 0.3805 -0.1804
vn 0.5490 -0.8286 -0.1092
vn 0.8173 0.5528 -0.1626
vn 0.6965 -0.7041 -0.1385
vn 0.6965 0.7041 -0.1385
vn 0.8173 -0.5528 -0.1626
vn 0.6965 -0.7040 -0.1386
vn 0.5490 0.8286 -0.1092
vn 0.9070 -0.3805 -0.1804
vn 0.3804 0.9217 -0.0757
vn 0.5490 0.8287 -0.1092
vn 0.7102 0.7040 -0.0000
vn 0.8333 0.5528 -0.0000
vn 0.8173 -0.5528 -0.1625
vn 0.8333 -0.5528 -0.0000
vn 0.7101 -0.7041 -0.0000
vn 0.5598 0.8286 -0.0000
vn 0.9248 -0.3805 -0.0000
vn 0.8334 -0.5527 -0.0000
vn 0.3879 0.9217 -0.0000
vn 0.5598 0.8287 -0.0000
vn 0.9810 -0.1939 -0.0000
vn 1.0000 -0.0000 -0.0000
vn 0.9810 0.1939 -0.0000
vn 0.3879 -0.9217 -0.0000
vn 0.9248 0.3805 -0.0000
vn 0.5598 -0.8286 -0.0000
vn 0.9622 0.1939 0.1914
vn 0.9808 -0.0000 0.1951
vn 0.3804 -0.9217 0.0757
vn 0.9070 0.3805 0.1804
vn 0.5490 -0.8286 0.1092
vn 0.8173 0.5528 0.1625
vn 0.6965 -0.7041 0.1385
vn 0.6965 0.7040 0.1385
vn 0.8173 -0.5528 0.1626
vn 0.5490 0.8286 0.1092
vn 0.6965 0.7041 0.1385
vn 0.7101 0.7041 -0.0000
vn 0.9070 -0.3805 0.1804
vn 0.3804 0.9217 0.0757
vn 0.9622 -0.1939 0.1914
vn 0.5172 0.8286 0.2142
vn 0.6561 0.7041 0.2718
vn 0.6965 0.7041 0.1386
vn 0.9070 -0.3806 0.1804
vn 0.8544 -0.3805 0.3539
vn 0.7699 -0.5528 0.3189
vn 0.3584 0.9217 0.1485
vn 0.5171 0.8287 0.2142
vn 0.9063 -0.1939 0.3754
vn 0.9239 -0.0000 0.3827
vn 0.9064 0.1939 0.3754
vn 0.3584 -0.9217 0.1485
vn 0.8544 0.3805 0.3539
vn 0.9063 0.1940 0.3754
vn 0.9622 0.1940 0.1914
vn 0.5172 -0.8286 0.2142
vn 0.8173 0.5528 0.1626
vn 0.7699 0.5528 0.3189
vn 0.6561 -0.7041 0.2718
vn 0.3225 -0.9217 0.2155
vn 0.7689 0.3805 0.5138
vn 0.8157 0.1939 0.5450
vn 0.4654 -0.8286 0.3110
vn 0.6929 0.5528 0.4630
vn 0.5905 -0.7041 0.3945
vn 0.5905 0.7041 0.3945
vn 0.6929 -0.5528 0.4630
vn 0.4655 0.8286 0.3110
vn 0.7689 -0.3805 0.5138
vn 0.3225 0.9217 0.2155
vn 0.4654 0.8287 0.3110
vn 0.8157 -0.1939 0.5450
vn 0.8315 -0.0000 0.5556
vn 0.6539 -0.3805 0.6539
vn 0.5893 -0.5528 0.5893
vn 0.2743 0.9217 0.2743
vn 0.3958 0.8287 0.3958
vn 0.6937 -0.1939 0.6937
vn 0.7071 -0.0000 0.7071
vn 0.6937 0.1939 0.6937
vn 0.2743 -0.9217 0.2743
vn 0.6539 0.3805 0.6539
vn 0.3958 -0.8286 0.3958
vn 0.5893 0.5528 0.5893
vn 0.5021 -0.7041 0.5021
vn 0.5021 0.7041 0.5021
vn 0.3958 0.8286 0.3958
vn 0.5138 0.3805 0.7689
vn 0.5450 0.1939 0.8157
vn 0.3110 -0.8286 0.4654
vn 0.2155 -0.9217 0.3225
vn 0.4630 0.5528 0.6929
vn 0.3945 -0.7041 0.5905
vn 0.3945 0.7041 0.5905
vn 0.4630 -0.5528 0.6929
vn 0.3110 0.8286 0.4655
vn 0.5138 -0.3806 0.7689
vn 0.2155 0.9217 0.3225
vn 0.3110 0.8287 0.4654
vn 0.5450 -0.1939 0.8157
vn 0.5138 -0.3805 0.7689
vn 0.5556 -0.0000 0.8315
vn 0.2155 0.9217 0.3226
vn 0.1485 0.9217 0.3584
vn 0.2142 0.8286 0.5172
vn 0.3754 -0.1939 0.9063
vn 0.3539 -0.3805 0.8544
vn 0.3827 -0.0000 0.9239
vn 0.3754 0.1939 0.9063
vn 0.1484 -0.9217 0.3583
vn 0.3539 0.3805 0.8544
vn 0.2142 -0.8286 0.5172
vn 0.3189 0.5528 0.7699
vn 0.2718 -0.7041 0.6561
vn 0.2718 0.7041 0.6561
vn 0.3189 -0.5528 0.7699
vn 0.3189 -0.5527 0.7699
vn 0.1092 -0.8286 0.5490
vn 0.0757 -0.9217 0.3804
vn 0.1626 0.5528 0.8173
vn 0.1804 0.3805 0.9070
vn 0.1385 -0.7041 0.6965
vn 0.1385 0.7041 0.6965
vn 0.1626 -0.5528 0.8173
vn 0.1092 0.8286 0.5490
vn 0.1804 -0.3805 0.9070
vn 0.1626 -0.5527 0.8173
vn 0.0757 0.9217 0.3804
vn 0.1092 0.8287 0.5490
vn 0.1914 -0.1939 0.9622
vn 0.1951 -0.0000 0.9808
vn 0.1914 0.1939 0.9622
vn 0.1804 -0.3806 0.9070
vt 0.948947 0.801379
vt 0.950171 0.800203
vt 0.943346 0.794581
vt 0.911357 0.072421
vt 0.904532 0.077560
vt 0.905756 0.078736
vt 0.951133 0.798821
vt 0.903570 0.076178
vt 0.951795 0.797285
vt 0.902908 0.074642
vt 0.952133 0.795654
vt 0.902570 0.073011
vt 0.952133 0.793991
vt 0.902570 0.071348
vt 0.951795 0.792361
vt 0.902908 0.069717
vt 0.951133 0.790824
vt 0.903570 0.068181
vt 0.950171 0.789442
vt 0.904532 0.066799
vt 0.948947 0.788266
vt 0.905756 0.065623
vt 0.947508 0.787342
vt 0.907195 0.064699
vt 0.945909 0.786706
vt 0.908794 0.064063
vt 0.944212 0.786382
vt 0.910492 0.063739
vt 0.942481 0.786382
vt 0.912223 0.063739
vt 0.940783 0.786706
vt 0.913920 0.064063
vt 0.939184 0.787343
vt 0.915519 0.064699
vt 0.937745 0.788266
vt 0.916959 0.065623
vt 0.936521 0.789442
vt 0.918183 0.066799
vt 0.935559 0.790824
vt 0.919144 0.068181
vt 0.934897 0.792361
vt 0.919807 0.069717
vt 0.934559 0.793991
vt 0.920144 0.071348
vt 0.934559 0.795654
vt 0.920144 0.073011
vt 0.934897 0.797285
vt 0.919807 0.074642
vt 0.935559 0.798821
vt 0.919144 0.076178
vt 0.936521 0.800203
vt 0.918183 0.077560
vt 0.916959 0.078736
vt 0.937745 0.801379
vt 0.939184 0.802303
vt 0.915519 0.079660
vt 0.940783 0.802939
vt 0.913920 0.080296
vt 0.942481 0.803264
vt 0.912223 0.080620
vt 0.944211 0.803264
vt 0.910492 0.080620
vt 0.945909 0.802939
vt 0.908794 0.080296
vt 0.947508 0.802303
vt 0.907195 0.079660
vt 0.900370 0.084324
vt 0.897969 0.082018
vt 0.891920 0.085624
vt 0.895406 0.088972
vt 0.395788 0.055870
vt 0.403104 0.056853
vt 0.400981 0.049486
vt 0.394089 0.048560
vt 0.396735 0.064009
vt 0.404194 0.065012
vt 0.396894 0.072665
vt 0.404210 0.073649
vt 0.954334 0.808399
vt 0.956735 0.806093
vt 0.396260 0.081505
vt 0.403151 0.082432
vt 0.959298 0.815372
vt 0.962783 0.812024
vt 0.394856 0.090190
vt 0.401058 0.091024
vt 0.963649 0.822029
vt 0.968085 0.817768
vt 0.392737 0.098386
vt 0.398012 0.099095
vt 0.967219 0.828115
vt 0.972436 0.823104
vt 0.389984 0.105778
vt 0.394128 0.106335
vt 0.969873 0.833396
vt 0.975669 0.827828
vt 0.397676 0.107158
vt 0.402527 0.100143
vt 0.675841 0.039391
vt 0.680901 0.042279
vt 0.686616 0.035939
vt 0.682062 0.033340
vt 0.896082 0.079306
vt 0.889182 0.081687
vt 0.670529 0.046456
vt 0.675901 0.049522
vt 0.666330 0.054265
vt 0.671807 0.057390
vt 0.410472 0.075101
vt 0.410579 0.066493
vt 0.958621 0.803381
vt 0.409050 0.083800
vt 0.965522 0.808087
vt 0.406367 0.092256
vt 0.971570 0.812757
vt 0.976534 0.817212
vt 0.959920 0.800368
vt 0.666928 0.073780
vt 0.672971 0.076966
vt 0.675192 0.068963
vt 0.668778 0.065581
vt 0.967408 0.803712
vt 0.666330 0.081672
vt 0.671769 0.084539
vt 0.973971 0.807189
vt 0.406108 0.101488
vt 0.410579 0.093838
vt 0.692054 0.038806
vt 0.697450 0.033184
vt 0.692825 0.030746
vt 0.887295 0.077312
vt 0.880732 0.077661
vt 0.883133 0.083228
vt 0.686944 0.045464
vt 0.894783 0.076293
vt 0.682316 0.052904
vt 0.678348 0.060838
vt 0.693737 0.048826
vt 0.698168 0.041831
vt 0.894121 0.073094
vt 0.886334 0.072669
vt 0.689528 0.056472
vt 0.685701 0.064477
vt 0.682404 0.072531
vt 0.960583 0.797169
vt 0.679765 0.080327
vt 0.968370 0.799069
vt 0.677883 0.087564
vt 0.975195 0.801279
vt 0.671632 0.091391
vt 0.676831 0.093964
vt 0.702650 0.035757
vt 0.879508 0.071750
vt 0.687048 0.083735
vt 0.690136 0.076149
vt 0.968370 0.794334
vt 0.960583 0.793908
vt 0.684437 0.090631
vt 0.975195 0.795252
vt 0.682406 0.096572
vt 0.704723 0.044898
vt 0.708224 0.038366
vt 0.886334 0.067934
vt 0.879508 0.065723
vt 0.701020 0.052234
vt 0.894121 0.069833
vt 0.697259 0.060090
vt 0.693584 0.068166
vt 0.894783 0.066634
vt 0.887295 0.063290
vt 0.705214 0.063619
vt 0.708513 0.055557
vt 0.701695 0.071763
vt 0.698091 0.079678
vt 0.959920 0.790709
vt 0.694541 0.087059
vt 0.967408 0.789690
vt 0.691181 0.093622
vt 0.713959 0.040909
vt 0.715895 0.034885
vt 0.711389 0.032887
vt 0.688140 0.099116
vt 0.711466 0.047890
vt 0.880732 0.059813
vt 0.697854 0.096422
vt 0.701955 0.090170
vt 0.719634 0.043291
vt 0.720354 0.036756
vt 0.693815 0.101498
vt 0.718139 0.050690
vt 0.889182 0.058915
vt 0.883133 0.054245
vt 0.715928 0.058669
vt 0.896082 0.063621
vt 0.713085 0.066922
vt 0.709720 0.075131
vt 0.705962 0.082981
vt 0.958621 0.787696
vt 0.965522 0.785315
vt 0.897969 0.060909
vt 0.717353 0.078139
vt 0.720571 0.069872
vt 0.713448 0.085932
vt 0.956735 0.784984
vt 0.709007 0.092950
vt 0.962783 0.781378
vt 0.704200 0.098924
vt 0.725031 0.045418
vt 0.724595 0.038428
vt 0.886619 0.049234
vt 0.882268 0.043898
vt 0.878169 0.049790
vt 0.724485 0.053191
vt 0.891920 0.054978
vt 0.722980 0.061449
vt 0.968085 0.778763
vt 0.963649 0.774502
vt 0.959298 0.778030
vt 0.891055 0.044973
vt 0.887484 0.038887
vt 0.730261 0.055298
vt 0.729942 0.047210
vt 0.895406 0.051630
vt 0.729397 0.063790
vt 0.900370 0.058603
vt 0.727384 0.072358
vt 0.724299 0.080674
vt 0.720261 0.088417
vt 0.954334 0.782678
vt 0.715424 0.095291
vt 0.709976 0.101031
vt 0.730292 0.082635
vt 0.733262 0.074282
vt 0.726139 0.090341
vt 0.951511 0.780866
vt 0.720961 0.097103
vt 0.955199 0.775399
vt 0.893618 0.034950
vt 0.891646 0.029232
vt 0.884831 0.033606
vt 0.444127 0.047168
vt 0.448465 0.048799
vt 0.453265 0.042131
vt 0.449856 0.040850
vt 0.896271 0.041625
vt 0.439285 0.054483
vt 0.444386 0.056400
vt 0.899504 0.048999
vt 0.435516 0.062513
vt 0.441184 0.064644
vt 0.903193 0.056791
vt 0.432965 0.070951
vt 0.438982 0.073212
vt 0.902067 0.039318
vt 0.900433 0.032238
vt 0.450425 0.058041
vt 0.453601 0.050194
vt 0.904058 0.047187
vt 0.447894 0.066467
vt 0.906330 0.055543
vt 0.446106 0.075147
vt 0.437865 0.081777
vt 0.445128 0.083750
vt 0.437876 0.090008
vt 0.444999 0.091943
vt 0.948374 0.779618
vt 0.439013 0.097589
vt 0.445724 0.099412
vt 0.950645 0.773587
vt 0.899219 0.026219
vt 0.457300 0.043227
vt 0.452955 0.093476
vt 0.453240 0.085313
vt 0.945044 0.778981
vt 0.453218 0.100857
vt 0.945811 0.772664
vt 0.907669 0.030856
vt 0.907259 0.024683
vt 0.459337 0.051300
vt 0.461807 0.044096
vt 0.908220 0.038143
vt 0.457170 0.059341
vt 0.908893 0.046264
vt 0.455388 0.067911
vt 0.909660 0.054906
vt 0.454061 0.076681
vt 0.464361 0.060251
vt 0.465453 0.052073
vt 0.913822 0.046264
vt 0.914494 0.038143
vt 0.463379 0.068922
vt 0.913055 0.054906
vt 0.462544 0.077754
vt 0.461888 0.086408
vt 0.461437 0.094550
vt 0.941648 0.778981
vt 0.461208 0.101868
vt 0.940881 0.772664
vt 0.915046 0.030856
vt 0.915456 0.024683
vt 0.466612 0.044704
vt 0.470120 0.095122
vt 0.470741 0.086991
vt 0.938318 0.779618
vt 0.469387 0.102407
vt 0.471530 0.045028
vt 0.471182 0.038650
vt 0.467794 0.038427
vt 0.461210 0.108081
vt 0.468571 0.108565
vt 0.471713 0.052486
vt 0.920647 0.039318
vt 0.922281 0.032238
vt 0.471722 0.060736
vt 0.918656 0.047187
vt 0.471558 0.069461
vt 0.916385 0.055543
vt 0.471227 0.078327
vt 0.923210 0.048999
vt 0.926443 0.041625
vt 0.479612 0.069507
vt 0.478970 0.060777
vt 0.919522 0.056791
vt 0.479777 0.078375
vt 0.479459 0.087041
vt 0.478670 0.095171
vt 0.935181 0.780866
vt 0.477441 0.102453
vt 0.936047 0.773587
vt 0.931493 0.775399
vt 0.475819 0.108607
vt 0.477877 0.052521
vt 0.476373 0.045056
vt 0.929097 0.034950
vt 0.485060 0.102004
vt 0.486759 0.094694
vt 0.927395 0.778030
vt 0.932358 0.782678
vt 0.935230 0.038887
vt 0.937884 0.033606
vt 0.931068 0.029232
vt 0.483708 0.052177
vt 0.480955 0.044786
vt 0.931660 0.044973
vt 0.485827 0.060373
vt 0.927309 0.051630
vt 0.487231 0.069058
vt 0.922345 0.058603
vt 0.487865 0.077899
vt 0.487706 0.086555
vt 0.924746 0.060909
vt 0.930794 0.054978
vt 0.495181 0.076915
vt 0.494122 0.068132
vt 0.495165 0.085552
vt 0.494074 0.093710
vt 0.929958 0.784984
vt 0.491952 0.101077
vt 0.923909 0.781378
vt 0.940447 0.043898
vt 0.943680 0.039174
vt 0.488983 0.051468
vt 0.485099 0.044229
vt 0.936096 0.049234
vt 0.492029 0.059539
vt 0.921171 0.785315
vt 0.928071 0.787696
vt 0.924087 0.683433
vt 0.928641 0.680834
vt 0.922926 0.674494
vt 0.917866 0.677382
vt 0.493497 0.050421
vt 0.488646 0.043406
vt 0.939581 0.054245
vt 0.944545 0.049790
vt 0.497338 0.058308
vt 0.933533 0.058915
vt 0.500021 0.066763
vt 0.926632 0.063621
vt 0.501443 0.075462
vt 0.501550 0.084071
vt 0.912555 0.670316
vt 0.917926 0.667251
vt 0.913832 0.659383
vt 0.908356 0.662508
vt 0.910803 0.651192
vt 0.917218 0.647810
vt 0.914996 0.639807
vt 0.908953 0.642993
vt 0.927931 0.066634
vt 0.920373 0.655934
vt 0.924341 0.663869
vt 0.926772 0.790709
vt 0.928969 0.671308
vt 0.919284 0.789690
vt 0.934079 0.677967
vt 0.915122 0.783774
vt 0.912721 0.789342
vt 0.934850 0.686027
vt 0.939475 0.683588
vt 0.501550 0.056726
vt 0.497079 0.049076
vt 0.935419 0.063290
vt 0.941982 0.059813
vt 0.913794 0.632234
vt 0.908356 0.635101
vt 0.940193 0.674942
vt 0.935763 0.667947
vt 0.911497 0.795252
vt 0.918323 0.794334
vt 0.944675 0.681016
vt 0.919908 0.629209
vt 0.918857 0.622809
vt 0.913657 0.625382
vt 0.936381 0.067934
vt 0.943206 0.065723
vt 0.921790 0.636446
vt 0.928594 0.069833
vt 0.924430 0.644241
vt 0.927727 0.652296
vt 0.931553 0.660300
vt 0.926110 0.793908
vt 0.928594 0.073094
vt 0.935610 0.648607
vt 0.932162 0.640623
vt 0.939285 0.656682
vt 0.926110 0.797169
vt 0.943046 0.664539
vt 0.918323 0.799069
vt 0.946748 0.671874
vt 0.911497 0.801279
vt 0.950249 0.678407
vt 0.926463 0.626142
vt 0.924431 0.620200
vt 0.936381 0.072669
vt 0.943206 0.071750
vt 0.929073 0.633038
vt 0.912721 0.807189
vt 0.919284 0.803713
vt 0.955984 0.675864
vt 0.953491 0.668883
vt 0.933206 0.623151
vt 0.930166 0.617657
vt 0.953415 0.683886
vt 0.957921 0.681887
vt 0.936566 0.629714
vt 0.927931 0.076293
vt 0.935419 0.077313
vt 0.940116 0.637095
vt 0.943720 0.645010
vt 0.947239 0.653154
vt 0.926772 0.800368
vt 0.950539 0.661215
vt 0.951746 0.641642
vt 0.947987 0.633792
vt 0.955111 0.649851
vt 0.928071 0.803381
vt 0.957953 0.658104
vt 0.921170 0.808087
vt 0.960165 0.666083
vt 0.915122 0.812757
vt 0.961659 0.673482
vt 0.939879 0.620350
vt 0.935841 0.615275
vt 0.962379 0.680016
vt 0.943981 0.626603
vt 0.926632 0.079306
vt 0.933533 0.081687
vt 0.967056 0.671355
vt 0.966511 0.663581
vt 0.910158 0.817212
vt 0.914256 0.823104
vt 0.918607 0.817768
vt 0.966620 0.678345
vt 0.951032 0.623823
vt 0.946226 0.617849
vt 0.924746 0.082018
vt 0.930794 0.085624
vt 0.955473 0.630841
vt 0.959378 0.638633
vt 0.962597 0.646900
vt 0.929958 0.806093
vt 0.965005 0.655324
vt 0.923909 0.812024
vt 0.969409 0.644415
vt 0.966325 0.636099
vt 0.932358 0.808400
vt 0.971422 0.652983
vt 0.927395 0.815372
vt 0.972286 0.661474
vt 0.923044 0.822029
vt 0.971968 0.669563
vt 0.919473 0.828115
vt 0.927309 0.088972
vt 0.931660 0.092500
vt 0.936096 0.088239
vt 0.957450 0.621482
vt 0.952001 0.615742
vt 0.922345 0.084324
vt 0.962286 0.628356
vt 0.358886 0.109713
vt 0.362294 0.108432
vt 0.357495 0.101765
vt 0.353156 0.103395
vt 0.916820 0.833396
vt 0.923635 0.837770
vt 0.925607 0.832052
vt 0.919522 0.086136
vt 0.923210 0.091603
vt 0.968164 0.626431
vt 0.962987 0.619669
vt 0.972317 0.634137
vt 0.975287 0.642491
vt 0.935181 0.810212
vt 0.344545 0.088050
vt 0.350213 0.085920
vt 0.348011 0.077351
vt 0.341994 0.079613
vt 0.931493 0.818003
vt 0.348314 0.096081
vt 0.353415 0.094163
vt 0.928260 0.825377
vt 0.938318 0.811460
vt 0.356923 0.084097
vt 0.355135 0.075416
vt 0.936047 0.819815
vt 0.359454 0.092523
vt 0.934056 0.827684
vt 0.362630 0.100370
vt 0.932422 0.834764
vt 0.366329 0.107336
vt 0.931208 0.840783
vt 0.916385 0.087385
vt 0.918656 0.093415
vt 0.346905 0.060556
vt 0.354028 0.058621
vt 0.354753 0.051152
vt 0.348043 0.052974
vt 0.346894 0.068787
vt 0.354157 0.066814
vt 0.939248 0.842320
vt 0.939658 0.836147
vt 0.913055 0.088021
vt 0.913822 0.094339
vt 0.361984 0.057087
vt 0.362247 0.049707
vt 0.362269 0.065250
vt 0.363091 0.073883
vt 0.941648 0.812096
vt 0.364418 0.082652
vt 0.940881 0.820739
vt 0.366199 0.091223
vt 0.940209 0.828859
vt 0.368366 0.099264
vt 0.370836 0.106467
vt 0.372408 0.081641
vt 0.371573 0.072809
vt 0.945811 0.820739
vt 0.945044 0.812096
vt 0.373390 0.090313
vt 0.946483 0.828860
vt 0.374482 0.098490
vt 0.947035 0.836146
vt 0.375641 0.105859
vt 0.947445 0.842320
vt 0.909660 0.088021
vt 0.908893 0.094339
vt 0.370467 0.056014
vt 0.370237 0.048696
vt 0.370918 0.064156
vt 0.376823 0.112137
vt 0.380211 0.111914
vt 0.380560 0.105535
vt 0.379150 0.055442
vt 0.378417 0.048157
vt 0.906330 0.087385
vt 0.379771 0.063573
vt 0.380256 0.072237
vt 0.948374 0.811460
vt 0.380587 0.081102
vt 0.950645 0.819815
vt 0.380751 0.089828
vt 0.952636 0.827684
vt 0.380742 0.098078
vt 0.954270 0.834764
vt 0.377600 0.041998
vt 0.370239 0.042483
vt 0.955199 0.818003
vt 0.951511 0.810212
vt 0.388000 0.089786
vt 0.388641 0.081056
vt 0.958432 0.825377
vt 0.386906 0.098043
vt 0.961085 0.832052
vt 0.385403 0.105508
vt 0.386470 0.048111
vt 0.384848 0.041957
vt 0.903193 0.086136
vt 0.899504 0.091603
vt 0.904058 0.093415
vt 0.387699 0.055393
vt 0.388488 0.063523
vt 0.388806 0.072188
vt 0.963057 0.837770
s 1
usemtl Material.001
f 828/575/103 829/576/104 830/577/105
f 831/578/106 832/579/107 833/580/108
f 829/576/104 834/581/109 830/577/105
f 831/578/106 835/582/110 832/579/107
f 834/581/109 836/583/111 830/577/105
f 831/578/106 837/584/112 835/582/110
f 836/583/111 838/585/113 830/577/105
f 831/578/106 839/586/114 837/584/112
f 838/585/113 840/587/115 830/577/105
f 831/578/106 841/588/116 839/586/114
f 840/587/115 842/589/117 830/577/105
f 831/578/106 843/590/118 841/588/116
f 842/589/117 844/591/119 830/577/105
f 831/578/106 845/592/120 843/590/118
f 844/591/119 846/593/121 830/577/105
f 831/578/106 847/594/122 845/592/120
f 846/593/121 848/595/123 830/577/105
f 831/578/106 849/596/124 847/594/122
f 848/595/123 850/597/125 830/577/105
f 831/578/106 851/598/126 849/596/124
f 850/597/125 852/599/127 830/577/105
f 831/578/106 853/600/128 851/598/126
f 852/599/127 854/601/129 830/577/105
f 831/578/106 855/602/130 853/600/128
f 854/601/129 856/603/131 830/577/105
f 831/578/106 857/604/132 855/602/130
f 856/603/131 858/605/133 830/577/105
f 831/578/106 859/606/134 857/604/132
f 858/605/133 860/607/135 830/577/105
f 831/578/106 861/608/136 859/606/134
f 860/607/135 862/609/137 830/577/105
f 831/578/106 863/610/138 861/608/136
f 862/609/137 864/611/139 830/577/105
f 831/578/106 865/612/140 863/610/138
f 864/611/139 866/613/141 830/577/105
f 831/578/106 867/614/142 865/612/140
f 866/613/141 868/615/143 830/577/105
f 831/578/106 869/616/144 867/614/142
f 868/615/143 870/617/145 830/577/105
f 831/578/106 871/618/146 869/616/144
f 870/617/145 872/619/147 830/577/105
f 831/578/106 873/620/148 871/618/146
f 872/619/147 874/621/149 830/577/105
f 831/578/106 875/622/150 873/620/148
f 874/621/149 876/623/151 830/577/105
f 831/578/106 877/624/152 875/622/150
f 876/623/151 878/625/153 830/577/105
f 831/578/106 879/626/154 877/624/152
f 831/578/106 880/627/155 879/626/154
f 878/625/153 881/628/156 830/577/105
f 881/628/156 882/629/157 830/577/105
f 831/578/106 883/630/158 880/627/155
f 882/629/157 884/631/159 830/577/105
f 831/578/106 885/632/160 883/630/158
f 884/631/159 886/633/161 830/577/105
f 831/578/106 887/634/162 885/632/160
f 886/633/161 888/635/163 830/577/105
f 831/578/106 889/636/164 887/634/162
f 888/635/163 890/637/165 830/577/105
f 831/578/106 891/638/166 889/636/164
f 890/637/165 892/639/167 830/577/105
f 831/578/106 893/640/168 891/638/166
f 892/639/167 828/575/103 830/577/105
f 831/578/106 833/580/108 893/640/168
f 894/641/169 895/642/170 896/643/171
f 894/641/169 896/643/171 897/644/172
f 898/645/173 899/646/174 900/647/175
f 898/645/173 900/647/175 901/648/176
f 833/580/108 832/579/107 895/642/170
f 833/580/108 895/642/170 894/641/169
f 902/649/177 903/650/178 899/646/174
f 902/649/177 899/646/174 898/645/173
f 904/651/179 905/652/180 903/650/178
f 904/651/179 903/650/178 902/649/177
f 906/653/181 907/654/182 829/576/104
f 906/653/181 829/576/104 828/575/103
f 908/655/183 909/656/184 905/652/180
f 908/655/183 905/652/180 904/651/179
f 910/657/185 911/658/186 907/654/182
f 910/657/185 907/654/182 906/653/181
f 912/659/187 913/660/188 909/656/184
f 912/659/187 909/656/184 908/655/183
f 914/661/189 915/662/190 911/658/186
f 914/661/189 911/658/186 910/657/185
f 916/663/191 917/664/192 913/660/188
f 916/663/191 913/660/188 912/659/187
f 918/665/193 919/666/194 915/662/190
f 918/665/193 915/662/190 914/661/189
f 920/667/195 921/668/196 917/664/192
f 920/667/195 917/664/192 916/663/191
f 922/669/176 923/670/197 919/666/194
f 922/669/176 919/666/194 918/665/193
f 921/668/196 924/671/198 925/672/199
f 921/668/196 925/672/199 917/664/192
f 926/673/175 927/674/200 928/675/201
f 926/673/175 928/675/201 929/676/202
f 895/642/170 930/677/203 931/678/204
f 895/642/170 931/678/204 896/643/171
f 932/679/174 933/680/205 927/674/200
f 932/679/174 927/674/200 926/673/175
f 832/579/107 835/582/110 930/677/203
f 832/579/107 930/677/203 895/642/170
f 934/681/178 935/682/206 933/680/205
f 934/681/178 933/680/205 932/679/174
f 905/652/180 936/683/207 937/684/208
f 905/652/180 937/684/208 903/650/178
f 907/654/182 938/685/209 834/581/109
f 907/654/182 834/581/109 829/576/104
f 909/656/184 939/686/210 936/683/207
f 909/656/184 936/683/207 905/652/180
f 911/658/186 940/687/211 938/685/209
f 911/658/186 938/685/209 907/654/182
f 913/660/188 941/688/212 939/686/210
f 913/660/188 939/686/210 909/656/184
f 915/662/190 942/689/213 940/687/211
f 915/662/190 940/687/211 911/658/186
f 917/664/192 925/672/199 941/688/212
f 917/664/192 941/688/212 913/660/188
f 919/666/194 943/690/214 942/689/213
f 919/666/194 942/689/213 915/662/190
f 938/685/209 944/691/215 836/583/111
f 938/685/209 836/583/111 834/581/109
f 945/692/210 946/693/216 947/694/217
f 945/692/210 947/694/217 948/695/207
f 940/687/211 949/696/218 944/691/215
f 940/687/211 944/691/215 938/685/209
f 950/697/212 951/698/219 946/693/216
f 950/697/212 946/693/216 945/692/210
f 942/689/213 952/699/220 949/696/218
f 942/689/213 949/696/218 940/687/211
f 925/672/199 953/700/221 954/701/222
f 925/672/199 954/701/222 941/688/212
f 928/675/201 955/702/223 956/703/224
f 928/675/201 956/703/224 957/704/225
f 931/678/204 958/705/226 959/706/227
f 931/678/204 959/706/227 960/707/228
f 927/674/200 961/708/229 955/702/223
f 927/674/200 955/702/223 928/675/201
f 930/677/203 962/709/230 958/705/226
f 930/677/203 958/705/226 931/678/204
f 933/680/205 963/710/231 961/708/229
f 933/680/205 961/708/229 927/674/200
f 835/582/110 837/584/112 962/709/230
f 835/582/110 962/709/230 930/677/203
f 935/682/206 964/711/232 963/710/231
f 935/682/206 963/710/231 933/680/205
f 948/695/207 947/694/217 964/711/232
f 948/695/207 964/711/232 935/682/206
f 961/708/229 965/712/233 966/713/234
f 961/708/229 966/713/234 955/702/223
f 962/709/230 967/714/235 968/715/236
f 962/709/230 968/715/236 958/705/226
f 963/710/231 969/716/237 965/712/233
f 963/710/231 965/712/233 961/708/229
f 837/584/112 839/586/114 967/714/235
f 837/584/112 967/714/235 962/709/230
f 964/711/232 970/717/238 969/716/237
f 964/711/232 969/716/237 963/710/231
f 947/694/217 971/718/239 970/717/238
f 947/694/217 970/717/238 964/711/232
f 944/691/215 972/719/240 838/585/113
f 944/691/215 838/585/113 836/583/111
f 946/693/216 973/720/241 971/718/239
f 946/693/216 971/718/239 947/694/217
f 949/696/218 974/721/242 972/719/240
f 949/696/218 972/719/240 944/691/215
f 951/698/219 975/722/243 973/720/241
f 951/698/219 973/720/241 946/693/216
f 952/699/220 976/723/244 974/721/242
f 952/699/220 974/721/242 949/696/218
f 977/724/245 978/725/246 975/722/243
f 977/724/245 975/722/243 951/698/219
f 955/702/223 966/713/234 979/726/247
f 955/702/223 979/726/247 956/703/224
f 958/705/226 968/715/236 980/727/248
f 958/705/226 980/727/248 959/706/227
f 973/720/241 981/728/249 982/729/250
f 973/720/241 982/729/250 971/718/239
f 974/721/242 983/730/251 984/731/252
f 974/721/242 984/731/252 972/719/240
f 975/722/243 985/732/253 981/728/249
f 975/722/243 981/728/249 973/720/241
f 976/723/244 986/733/254 983/730/251
f 976/723/244 983/730/251 974/721/242
f 978/725/246 987/734/255 985/732/253
f 978/725/246 985/732/253 975/722/243
f 966/713/234 988/735/256 989/736/257
f 966/713/234 989/736/257 979/726/247
f 968/715/236 990/737/258 991/738/259
f 968/715/236 991/738/259 980/727/248
f 965/712/233 992/739/260 988/735/256
f 965/712/233 988/735/256 966/713/234
f 967/714/235 993/740/261 990/737/258
f 967/714/235 990/737/258 968/715/236
f 969/716/237 994/741/262 992/739/260
f 969/716/237 992/739/260 965/712/233
f 839/586/114 841/588/116 993/740/261
f 839/586/114 993/740/261 967/714/235
f 970/717/238 995/742/263 994/741/262
f 970/717/238 994/741/262 969/716/237
f 971/718/239 982/729/250 995/742/263
f 971/718/239 995/742/263 970/717/238
f 972/719/240 984/731/252 840/587/115
f 972/719/240 840/587/115 838/585/113
f 993/740/261 996/743/264 997/744/265
f 993/740/261 997/744/265 990/737/258
f 994/741/262 998/745/266 999/746/267
f 994/741/262 999/746/267 992/739/260
f 841/588/116 843/590/118 996/743/264
f 841/588/116 996/743/264 993/740/261
f 995/742/263 1000/747/268 998/745/266
f 995/742/263 998/745/266 994/741/262
f 982/729/250 1001/748/269 1000/747/268
f 982/729/250 1000/747/268 995/742/263
f 984/731/252 1002/749/270 842/589/117
f 984/731/252 842/589/117 840/587/115
f 981/728/249 1003/750/271 1001/748/269
f 981/728/249 1001/748/269 982/729/250
f 983/730/251 1004/751/272 1002/749/270
f 983/730/251 1002/749/270 984/731/252
f 985/732/253 1005/752/273 1003/750/271
f 985/732/253 1003/750/271 981/728/249
f 989/736/257 1006/753/274 1007/754/275
f 989/736/257 1007/754/275 1008/755/276
f 987/734/255 1009/756/277 1005/752/273
f 987/734/255 1005/752/273 985/732/253
f 988/735/256 1010/757/278 1006/753/274
f 988/735/256 1006/753/274 989/736/257
f 990/737/258 997/744/265 1011/758/279
f 990/737/258 1011/758/279 991/738/259
f 992/739/260 999/746/267 1010/757/278
f 992/739/260 1010/757/278 988/735/256
f 1005/752/273 1012/759/280 1013/760/281
f 1005/752/273 1013/760/281 1003/750/271
f 1006/753/274 1014/761/282 1015/762/283
f 1006/753/274 1015/762/283 1007/754/275
f 1009/756/277 1016/763/284 1012/759/280
f 1009/756/277 1012/759/280 1005/752/273
f 1010/757/278 1017/764/285 1014/761/282
f 1010/757/278 1014/761/282 1006/753/274
f 997/744/265 1018/765/286 1019/766/287
f 997/744/265 1019/766/287 1011/758/279
f 999/746/267 1020/767/288 1017/764/285
f 999/746/267 1017/764/285 1010/757/278
f 996/743/264 1021/768/289 1018/765/286
f 996/743/264 1018/765/286 997/744/265
f 998/745/266 1022/769/290 1020/767/288
f 998/745/266 1020/767/288 999/746/267
f 843/590/118 845/592/120 1021/768/289
f 843/590/118 1021/768/289 996/743/264
f 1000/747/268 1023/770/291 1022/769/290
f 1000/747/268 1022/769/290 998/745/266
f 1001/748/269 1024/771/292 1023/770/291
f 1001/748/269 1023/770/291 1000/747/268
f 1002/749/270 1025/772/293 844/591/119
f 1002/749/270 844/591/119 842/589/117
f 1003/750/271 1013/760/281 1024/771/292
f 1003/750/271 1024/771/292 1001/748/269
f 1004/751/272 1026/773/283 1025/772/293
f 1004/751/272 1025/772/293 1002/749/270
f 845/592/120 847/594/122 1027/774/294
f 845/592/120 1027/774/294 1021/768/289
f 1023/770/291 1028/775/295 1029/776/296
f 1023/770/291 1029/776/296 1022/769/290
f 1024/771/292 1030/777/297 1028/775/295
f 1024/771/292 1028/775/295 1023/770/291
f 1025/772/293 1031/778/298 846/593/121
f 1025/772/293 846/593/121 844/591/119
f 1013/760/281 1032/779/299 1030/777/297
f 1013/760/281 1030/777/297 1024/771/292
f 1026/773/283 1033/780/300 1031/778/298
f 1026/773/283 1031/778/298 1025/772/293
f 1012/759/280 1034/781/301 1032/779/299
f 1012/759/280 1032/779/299 1013/760/281
f 1014/761/282 1035/782/302 1036/783/300
f 1014/761/282 1036/783/300 1015/762/283
f 1019/766/287 1037/784/303 1038/785/304
f 1019/766/287 1038/785/304 1039/786/305
f 1017/764/285 1040/787/306 1035/782/302
f 1017/764/285 1035/782/302 1014/761/282
f 1018/765/286 1041/788/307 1037/784/303
f 1018/765/286 1037/784/303 1019/766/287
f 1020/767/288 1042/789/308 1040/787/306
f 1020/767/288 1040/787/306 1017/764/285
f 1021/768/289 1027/774/294 1041/788/307
f 1021/768/289 1041/788/307 1018/765/286
f 1022/769/290 1029/776/296 1042/789/308
f 1022/769/290 1042/789/308 1020/767/288
f 1043/790/302 1044/791/309 1045/792/310
f 1043/790/302 1045/792/310 1033/780/300
f 1037/784/303 1046/793/311 1047/794/312
f 1037/784/303 1047/794/312 1038/785/304
f 1040/787/306 1048/795/313 1049/796/314
f 1040/787/306 1049/796/314 1035/782/302
f 1041/788/307 1050/797/315 1046/793/311
f 1041/788/307 1046/793/311 1037/784/303
f 1042/789/308 1051/798/316 1048/795/313
f 1042/789/308 1048/795/313 1040/787/306
f 1027/774/294 1052/799/317 1050/797/315
f 1027/774/294 1050/797/315 1041/788/307
f 1029/776/296 1053/800/318 1051/798/316
f 1029/776/296 1051/798/316 1042/789/308
f 847/594/122 849/596/124 1052/799/317
f 847/594/122 1052/799/317 1027/774/294
f 1028/775/295 1054/801/319 1053/800/318
f 1028/775/295 1053/800/318 1029/776/296
f 1030/777/297 1055/802/320 1054/801/319
f 1030/777/297 1054/801/319 1028/775/295
f 1031/778/298 1056/803/321 848/595/123
f 1031/778/298 848/595/123 846/593/121
f 1032/779/299 1057/804/322 1055/802/320
f 1032/779/299 1055/802/320 1030/777/297
f 1033/780/300 1045/792/310 1056/803/321
f 1033/780/300 1056/803/321 1031/778/298
f 1034/781/301 1058/805/323 1057/804/322
f 1034/781/301 1057/804/322 1032/779/299
f 1054/801/319 1059/806/324 1060/807/325
f 1054/801/319 1060/807/325 1053/800/318
f 1055/802/320 1061/808/326 1059/806/324
f 1055/802/320 1059/806/324 1054/801/319
f 1056/803/321 1062/809/327 850/597/125
f 1056/803/321 850/597/125 848/595/123
f 1057/804/322 1063/810/328 1061/808/326
f 1057/804/322 1061/808/326 1055/802/320
f 1045/792/310 1064/811/329 1062/809/327
f 1045/792/310 1062/809/327 1056/803/321
f 1047/794/312 1065/812/330 1066/813/331
f 1047/794/312 1066/813/331 1067/814/332
f 1068/815/309 1069/816/333 1070/817/334
f 1068/815/309 1070/817/334 1071/818/335
f 1046/793/311 1072/819/336 1065/812/330
f 1046/793/311 1065/812/330 1047/794/312
f 1073/820/337 1074/821/338 1069/816/333
f 1073/820/337 1069/816/333 1068/815/309
f 1050/797/315 1075/822/339 1072/819/336
f 1050/797/315 1072/819/336 1046/793/311
f 1076/823/316 1077/824/340 1074/821/338
f 1076/823/316 1074/821/338 1073/820/337
f 1052/799/317 1078/825/341 1075/822/339
f 1052/799/317 1075/822/339 1050/797/315
f 1079/826/342 1080/827/343 1077/824/340
f 1079/826/342 1077/824/340 1076/823/316
f 849/596/124 851/598/126 1078/825/341
f 849/596/124 1078/825/341 1052/799/317
f 1072/819/336 1081/828/344 1082/829/345
f 1072/819/336 1082/829/345 1065/812/330
f 1074/821/338 1083/830/346 1084/831/347
f 1074/821/338 1084/831/347 1069/816/333
f 1075/822/339 1085/832/348 1081/828/344
f 1075/822/339 1081/828/344 1072/819/336
f 1077/824/340 1086/833/349 1083/830/346
f 1077/824/340 1083/830/346 1074/821/338
f 1078/825/341 1087/834/350 1085/832/348
f 1078/825/341 1085/832/348 1075/822/339
f 1080/827/343 1088/835/351 1086/833/349
f 1080/827/343 1086/833/349 1077/824/340
f 851/598/126 853/600/128 1087/834/350
f 851/598/126 1087/834/350 1078/825/341
f 1089/836/324 1090/837/352 1088/835/351
f 1089/836/324 1088/835/351 1080/827/343
f 1091/838/326 1092/839/353 1090/837/352
f 1091/838/326 1090/837/352 1089/836/324
f 1062/809/327 1093/840/354 852/599/127
f 1062/809/327 852/599/127 850/597/125
f 1094/841/328 1095/842/355 1092/839/353
f 1094/841/328 1092/839/353 1091/838/326
f 1064/811/329 1096/843/356 1093/840/354
f 1064/811/329 1093/840/354 1062/809/327
f 1065/812/330 1082/829/345 1097/844/357
f 1065/812/330 1097/844/357 1066/813/331
f 1069/816/333 1084/831/347 1098/845/358
f 1069/816/333 1098/845/358 1070/817/334
f 1092/839/353 1099/846/359 1100/847/360
f 1092/839/353 1100/847/360 1090/837/352
f 1093/840/354 1101/848/361 854/601/129
f 1093/840/354 854/601/129 852/599/127
f 1095/842/355 1102/849/362 1099/846/359
f 1095/842/355 1099/846/359 1092/839/353
f 1096/843/356 1103/850/363 1101/848/361
f 1096/843/356 1101/848/361 1093/840/354
f 1082/829/345 1104/851/364 1105/852/362
f 1082/829/345 1105/852/362 1097/844/357
f 1084/831/347 1106/853/365 1107/854/366
f 1084/831/347 1107/854/366 1098/845/358
f 1081/828/344 1108/855/367 1104/851/364
f 1081/828/344 1104/851/364 1082/829/345
f 1083/830/346 1109/856/368 1106/853/365
f 1083/830/346 1106/853/365 1084/831/347
f 1085/832/348 1110/857/369 1108/855/367
f 1085/832/348 1108/855/367 1081/828/344
f 1086/833/349 1111/858/370 1109/856/368
f 1086/833/349 1109/856/368 1083/830/346
f 1087/834/350 1112/859/371 1110/857/369
f 1087/834/350 1110/857/369 1085/832/348
f 1088/835/351 1113/860/372 1111/858/370
f 1088/835/351 1111/858/370 1086/833/349
f 853/600/128 855/602/130 1112/859/371
f 853/600/128 1112/859/371 1087/834/350
f 1090/837/352 1100/847/360 1113/860/372
f 1090/837/352 1113/860/372 1088/835/351
f 1109/856/368 1114/861/373 1115/862/374
f 1109/856/368 1115/862/374 1106/853/365
f 1110/857/369 1116/863/375 1117/864/376
f 1110/857/369 1117/864/376 1108/855/367
f 1111/858/370 1118/865/377 1114/861/373
f 1111/858/370 1114/861/373 1109/856/368
f 1112/859/371 1119/866/378 1116/863/375
f 1112/859/371 1116/863/375 1110/857/369
f 1113/860/372 1120/867/379 1118/865/377
f 1113/860/372 1118/865/377 1111/858/370
f 855/602/130 857/604/132 1119/866/378
f 855/602/130 1119/866/378 1112/859/371
f 1100/847/360 1121/868/380 1120/867/379
f 1100/847/360 1120/867/379 1113/860/372
f 1099/846/359 1122/869/381 1121/868/380
f 1099/846/359 1121/868/380 1100/847/360
f 1101/848/361 1123/870/382 856/603/131
f 1101/848/361 856/603/131 854/601/129
f 1102/849/362 1124/871/383 1122/869/381
f 1102/849/362 1122/869/381 1099/846/359
f 1103/850/363 1125/872/384 1123/870/382
f 1103/850/363 1123/870/382 1101/848/361
f 1104/851/364 1126/873/385 1127/874/386
f 1104/851/364 1127/874/386 1105/852/362
f 1106/853/365 1115/862/374 1128/875/384
f 1106/853/365 1128/875/384 1107/854/366
f 1108/855/367 1117/864/376 1126/873/385
f 1108/855/367 1126/873/385 1104/851/364
f 1122/869/381 1129/876/387 1130/877/388
f 1122/869/381 1130/877/388 1121/868/380
f 1123/870/382 1131/878/389 858/605/133
f 1123/870/382 858/605/133 856/603/131
f 1124/871/383 1132/879/390 1129/876/387
f 1124/871/383 1129/876/387 1122/869/381
f 1128/875/384 1133/880/391 1134/881/392
f 1128/875/384 1134/881/392 1135/882/382
f 1136/883/393 1137/884/394 1132/879/390
f 1136/883/393 1132/879/390 1124/871/383
f 1115/862/374 1138/885/395 1133/880/391
f 1115/862/374 1133/880/391 1128/875/384
f 1117/864/376 1139/886/396 1140/887/397
f 1117/864/376 1140/887/397 1126/873/385
f 1114/861/373 1141/888/398 1138/885/395
f 1114/861/373 1138/885/395 1115/862/374
f 1116/863/375 1142/889/399 1139/886/396
f 1116/863/375 1139/886/396 1117/864/376
f 1118/865/377 1143/890/400 1141/888/398
f 1118/865/377 1141/888/398 1114/861/373
f 1119/866/378 1144/891/401 1142/889/399
f 1119/866/378 1142/889/399 1116/863/375
f 1120/867/379 1145/892/402 1143/890/400
f 1120/867/379 1143/890/400 1118/865/377
f 857/604/132 859/606/134 1144/891/401
f 857/604/132 1144/891/401 1119/866/378
f 1121/868/380 1130/877/388 1145/892/402
f 1121/868/380 1145/892/402 1120/867/379
f 1142/889/399 1146/893/403 1147/894/404
f 1142/889/399 1147/894/404 1139/886/396
f 1143/890/400 1148/895/405 1149/896/406
f 1143/890/400 1149/896/406 1141/888/398
f 1144/891/401 1150/897/407 1146/893/403
f 1144/891/401 1146/893/403 1142/889/399
f 1145/892/402 1151/898/408 1148/895/405
f 1145/892/402 1148/895/405 1143/890/400
f 859/606/134 861/608/136 1150/897/407
f 859/606/134 1150/897/407 1144/891/401
f 1130/877/388 1152/899/409 1151/898/408
f 1130/877/388 1151/898/408 1145/892/402
f 1129/876/387 1153/900/410 1152/899/409
f 1129/876/387 1152/899/409 1130/877/388
f 1131/878/389 1154/901/411 860/607/135
f 1131/878/389 860/607/135 858/605/133
f 1132/879/390 1155/902/412 1153/900/410
f 1132/879/390 1153/900/410 1129/876/387
f 1156/903/413 1157/904/414 1154/901/411
f 1156/903/413 1154/901/411 1131/878/389
f 1137/884/394 1158/905/415 1155/902/412
f 1137/884/394 1155/902/412 1132/879/390
f 1138/885/395 1159/906/416 1160/907/417
f 1138/885/395 1160/907/417 1133/880/391
f 1139/886/396 1147/894/404 1161/908/418
f 1139/886/396 1161/908/418 1140/887/397
f 1141/888/398 1149/896/406 1159/906/416
f 1141/888/398 1159/906/416 1138/885/395
f 1155/902/412 1162/909/419 1163/910/420
f 1155/902/412 1163/910/420 1153/900/410
f 1157/904/414 1164/911/421 1165/912/422
f 1157/904/414 1165/912/422 1154/901/411
f 1161/908/418 1166/913/423 1167/914/424
f 1161/908/418 1167/914/424 1168/915/425
f 1159/906/416 1169/916/426 1170/917/427
f 1159/906/416 1170/917/427 1160/907/417
f 1147/894/404 1171/918/428 1166/913/423
f 1147/894/404 1166/913/423 1161/908/418
f 1149/896/406 1172/919/429 1169/916/426
f 1149/896/406 1169/916/426 1159/906/416
f 1146/893/403 1173/920/430 1171/918/428
f 1146/893/403 1171/918/428 1147/894/404
f 1148/895/405 1174/921/431 1172/919/429
f 1148/895/405 1172/919/429 1149/896/406
f 1150/897/407 1175/922/432 1173/920/430
f 1150/897/407 1173/920/430 1146/893/403
f 1151/898/408 1176/923/433 1174/921/431
f 1151/898/408 1174/921/431 1148/895/405
f 861/608/136 863/610/138 1175/922/432
f 861/608/136 1175/922/432 1150/897/407
f 1152/899/409 1177/924/434 1176/923/433
f 1152/899/409 1176/923/433 1151/898/408
f 1153/900/410 1163/910/420 1177/924/434
f 1153/900/410 1177/924/434 1152/899/409
f 1154/901/411 1165/912/422 862/609/137
f 1154/901/411 862/609/137 860/607/135
f 1175/922/432 1178/925/435 1179/926/436
f 1175/922/432 1179/926/436 1173/920/430
f 1176/923/433 1180/927/437 1181/928/438
f 1176/923/433 1181/928/438 1174/921/431
f 863/610/138 865/612/140 1178/925/435
f 863/610/138 1178/925/435 1175/922/432
f 1177/924/434 1182/929/439 1180/927/437
f 1177/924/434 1180/927/437 1176/923/433
f 1163/910/420 1183/930/440 1182/929/439
f 1163/910/420 1182/929/439 1177/924/434
f 1165/912/422 1184/931/441 864/611/139
f 1165/912/422 864/611/139 862/609/137
f 1162/909/419 1185/932/442 1183/930/440
f 1162/909/419 1183/930/440 1163/910/420
f 1164/911/421 1186/933/443 1184/931/441
f 1164/911/421 1184/931/441 1165/912/422
f 1166/913/423 1187/934/444 1188/935/445
f 1166/913/423 1188/935/445 1167/914/424
f 1169/916/426 1189/936/446 1190/937/447
f 1169/916/426 1190/937/447 1170/917/427
f 1171/918/428 1191/938/448 1187/934/444
f 1171/918/428 1187/934/444 1166/913/423
f 1172/919/429 1192/939/449 1189/936/446
f 1172/919/429 1189/936/446 1169/916/426
f 1173/920/430 1179/926/436 1191/938/448
f 1173/920/430 1191/938/448 1171/918/428
f 1174/921/431 1181/928/438 1192/939/449
f 1174/921/431 1192/939/449 1172/919/429
f 1186/933/443 1193/940/450 1194/941/451
f 1186/933/443 1194/941/451 1184/931/441
f 1195/942/452 1196/943/453 1197/944/454
f 1195/942/452 1197/944/454 1198/945/442
f 1189/936/446 1199/946/455 1200/947/450
f 1189/936/446 1200/947/450 1190/937/447
f 1191/938/448 1201/948/456 1202/949/457
f 1191/938/448 1202/949/457 1187/934/444
f 1192/939/449 1203/950/458 1199/946/455
f 1192/939/449 1199/946/455 1189/936/446
f 1179/926/436 1204/951/459 1201/948/456
f 1179/926/436 1201/948/456 1191/938/448
f 1181/928/438 1205/952/460 1203/950/458
f 1181/928/438 1203/950/458 1192/939/449
f 1178/925/435 1206/953/461 1204/951/459
f 1178/925/435 1204/951/459 1179/926/436
f 1180/927/437 1207/954/462 1205/952/460
f 1180/927/437 1205/952/460 1181/928/438
f 865/612/140 867/614/142 1206/953/461
f 865/612/140 1206/953/461 1178/925/435
f 1182/929/439 1208/955/463 1207/954/462
f 1182/929/439 1207/954/462 1180/927/437
f 1209/956/440 1210/957/464 1211/958/463
f 1209/956/440 1211/958/463 1212/959/439
f 1184/931/441 1194/941/451 866/613/141
f 1184/931/441 866/613/141 864/611/139
f 1198/945/442 1197/944/454 1210/957/464
f 1198/945/442 1210/957/464 1209/956/440
f 1213/960/462 1214/961/465 1215/962/466
f 1213/960/462 1215/962/466 1216/963/460
f 867/614/142 869/616/144 1217/964/467
f 867/614/142 1217/964/467 1206/953/461
f 1211/958/463 1218/965/468 1214/961/465
f 1211/958/463 1214/961/465 1213/960/462
f 1210/957/464 1219/966/469 1218/965/468
f 1210/957/464 1218/965/468 1211/958/463
f 1194/941/451 1220/967/470 868/615/143
f 1194/941/451 868/615/143 866/613/141
f 1197/944/454 1221/968/471 1219/966/469
f 1197/944/454 1219/966/469 1210/957/464
f 1193/940/450 1222/969/472 1220/967/470
f 1193/940/450 1220/967/470 1194/941/451
f 1196/943/453 1223/970/473 1221/968/471
f 1196/943/453 1221/968/471 1197/944/454
f 1224/971/474 1225/972/475 1222/969/472
f 1224/971/474 1222/969/472 1193/940/450
f 1226/973/476 1227/974/477 1223/970/473
f 1226/973/476 1223/970/473 1196/943/453
f 1203/950/458 1228/975/478 1229/976/479
f 1203/950/458 1229/976/479 1199/946/455
f 1204/951/459 1230/977/480 1231/978/481
f 1204/951/459 1231/978/481 1201/948/456
f 1216/963/460 1215/962/466 1232/979/482
f 1216/963/460 1232/979/482 1233/980/483
f 1206/953/461 1217/964/467 1230/977/480
f 1206/953/461 1230/977/480 1204/951/459
f 1223/970/473 1234/981/484 1235/982/485
f 1223/970/473 1235/982/485 1221/968/471
f 1225/972/475 1236/983/486 1237/984/487
f 1225/972/475 1237/984/487 1222/969/472
f 1227/974/477 1238/985/488 1234/981/484
f 1227/974/477 1234/981/484 1223/970/473
f 1232/979/482 1239/986/489 1240/987/490
f 1232/979/482 1240/987/490 1241/988/491
f 1230/977/480 1242/989/492 1243/990/493
f 1230/977/480 1243/990/493 1231/978/481
f 1215/962/466 1244/991/494 1239/986/489
f 1215/962/466 1239/986/489 1232/979/482
f 1217/964/467 1245/992/495 1242/989/492
f 1217/964/467 1242/989/492 1230/977/480
f 1214/961/465 1246/993/496 1244/991/494
f 1214/961/465 1244/991/494 1215/962/466
f 869/616/144 871/618/146 1245/992/495
f 869/616/144 1245/992/495 1217/964/467
f 1218/965/468 1247/994/497 1246/993/496
f 1218/965/468 1246/993/496 1214/961/465
f 1219/966/469 1248/995/498 1247/994/497
f 1219/966/469 1247/994/497 1218/965/468
f 1220/967/470 1249/996/499 870/617/145
f 1220/967/470 870/617/145 868/615/143
f 1221/968/471 1235/982/485 1248/995/498
f 1221/968/471 1248/995/498 1219/966/469
f 1222/969/472 1237/984/487 1249/996/499
f 1222/969/472 1249/996/499 1220/967/470
f 871/618/146 873/620/148 1250/997/500
f 871/618/146 1250/997/500 1245/992/495
f 1247/994/497 1251/998/501 1252/999/502
f 1247/994/497 1252/999/502 1246/993/496
f 1248/995/498 1253/1000/503 1251/998/501
f 1248/995/498 1251/998/501 1247/994/497
f 1249/996/499 1254/1001/504 872/619/147
f 1249/996/499 872/619/147 870/617/145
f 1235/982/485 1255/1002/505 1253/1000/503
f 1235/982/485 1253/1000/503 1248/995/498
f 1237/984/487 1256/1003/506 1254/1001/504
f 1237/984/487 1254/1001/504 1249/996/499
f 1234/981/484 1257/1004/507 1255/1002/505
f 1234/981/484 1255/1002/505 1235/982/485
f 1236/983/486 1258/1005/508 1256/1003/506
f 1236/983/486 1256/1003/506 1237/984/487
f 1238/985/488 1259/1006/509 1257/1004/507
f 1238/985/488 1257/1004/507 1234/981/484
f 1239/986/489 1260/1007/510 1261/1008/511
f 1239/986/489 1261/1008/511 1240/987/490
f 1242/989/492 1262/1009/512 1263/1010/509
f 1242/989/492 1263/1010/509 1243/990/493
f 1244/991/494 1264/1011/513 1260/1007/510
f 1244/991/494 1260/1007/510 1239/986/489
f 1245/992/495 1250/997/500 1262/1009/512
f 1245/992/495 1262/1009/512 1242/989/492
f 1246/993/496 1252/999/502 1264/1011/513
f 1246/993/496 1264/1011/513 1244/991/494
f 1258/1005/508 1265/1012/514 1266/1013/515
f 1258/1005/508 1266/1013/515 1256/1003/506
f 1259/1006/509 1267/1014/516 1268/1015/517
f 1259/1006/509 1268/1015/517 1257/1004/507
f 1260/1007/510 1269/1016/518 1270/1017/519
f 1260/1007/510 1270/1017/519 1261/1008/511
f 1271/1018/512 1272/1019/520 1267/1014/516
f 1271/1018/512 1267/1014/516 1259/1006/509
f 1264/1011/513 1273/1020/521 1269/1016/518
f 1264/1011/513 1269/1016/518 1260/1007/510
f 1250/997/500 1274/1021/522 1275/1022/523
f 1250/997/500 1275/1022/523 1262/1009/512
f 1252/999/502 1276/1023/524 1273/1020/521
f 1252/999/502 1273/1020/521 1264/1011/513
f 873/620/148 875/622/150 1274/1021/522
f 873/620/148 1274/1021/522 1250/997/500
f 1251/998/501 1277/1024/525 1276/1023/524
f 1251/998/501 1276/1023/524 1252/999/502
f 1253/1000/503 1278/1025/526 1277/1024/525
f 1253/1000/503 1277/1024/525 1251/998/501
f 1254/1001/504 1279/1026/527 874/621/149
f 1254/1001/504 874/621/149 872/619/147
f 1255/1002/505 1280/1027/528 1278/1025/526
f 1255/1002/505 1278/1025/526 1253/1000/503
f 1256/1003/506 1266/1013/515 1279/1026/527
f 1256/1003/506 1279/1026/527 1254/1001/504
f 1257/1004/507 1268/1015/517 1280/1027/528
f 1257/1004/507 1280/1027/528 1255/1002/505
f 1277/1024/525 1281/1028/529 1282/1029/530
f 1277/1024/525 1282/1029/530 1276/1023/524
f 1278/1025/526 1283/1030/531 1281/1028/529
f 1278/1025/526 1281/1028/529 1277/1024/525
f 1279/1026/527 1284/1031/532 876/623/151
f 1279/1026/527 876/623/151 874/621/149
f 1280/1027/528 1285/1032/533 1283/1030/531
f 1280/1027/528 1283/1030/531 1278/1025/526
f 1266/1013/515 1286/1033/534 1284/1031/532
f 1266/1013/515 1284/1031/532 1279/1026/527
f 1268/1015/517 1287/1034/535 1285/1032/533
f 1268/1015/517 1285/1032/533 1280/1027/528
f 1265/1012/514 1288/1035/536 1286/1033/534
f 1265/1012/514 1286/1033/534 1266/1013/515
f 1267/1014/516 1289/1036/537 1287/1034/535
f 1267/1014/516 1287/1034/535 1268/1015/517
f 1269/1016/518 1290/1037/538 1291/1038/539
f 1269/1016/518 1291/1038/539 1270/1017/519
f 1272/1019/520 1292/1039/540 1289/1036/537
f 1272/1019/520 1289/1036/537 1267/1014/516
f 1273/1020/521 1293/1040/541 1290/1037/538
f 1273/1020/521 1290/1037/538 1269/1016/518
f 1274/1021/522 1294/1041/542 1295/1042/543
f 1274/1021/522 1295/1042/543 1275/1022/523
f 1276/1023/524 1282/1029/530 1293/1040/541
f 1276/1023/524 1293/1040/541 1273/1020/521
f 875/622/150 877/624/152 1294/1041/542
f 875/622/150 1294/1041/542 1274/1021/522
f 1289/1036/537 1296/1043/544 1297/1044/545
f 1289/1036/537 1297/1044/545 1287/1034/535
f 1298/1045/546 1299/1046/547 1300/1047/548
f 1298/1045/546 1300/1047/548 1288/1035/536
f 1292/1039/540 1301/1048/549 1296/1043/544
f 1292/1039/540 1296/1043/544 1289/1036/537
f 1293/1040/541 1302/1049/550 1303/1050/551
f 1293/1040/541 1303/1050/551 1290/1037/538
f 1294/1041/542 1304/1051/552 1305/1052/553
f 1294/1041/542 1305/1052/553 1295/1042/543
f 1282/1029/530 1306/1053/554 1302/1049/550
f 1282/1029/530 1302/1049/550 1293/1040/541
f 877/624/152 879/626/154 1304/1051/552
f 877/624/152 1304/1051/552 1294/1041/542
f 1281/1028/529 1307/1054/555 1306/1053/554
f 1281/1028/529 1306/1053/554 1282/1029/530
f 1283/1030/531 1308/1055/556 1307/1054/555
f 1283/1030/531 1307/1054/555 1281/1028/529
f 1284/1031/532 1309/1056/557 878/625/153
f 1284/1031/532 878/625/153 876/623/151
f 1285/1032/533 1310/1057/558 1308/1055/556
f 1285/1032/533 1308/1055/556 1283/1030/531
f 1286/1033/534 1311/1058/559 1309/1056/557
f 1286/1033/534 1309/1056/557 1284/1031/532
f 1287/1034/535 1297/1044/545 1310/1057/558
f 1287/1034/535 1310/1057/558 1285/1032/533
f 1288/1035/536 1300/1047/548 1311/1058/559
f 1288/1035/536 1311/1058/559 1286/1033/534
f 1308/1055/556 1312/1059/560 1313/1060/561
f 1308/1055/556 1313/1060/561 1307/1054/555
f 1309/1056/557 1314/1061/562 881/628/156
f 1309/1056/557 881/628/156 878/625/153
f 1310/1057/558 1315/1062/563 1312/1059/560
f 1310/1057/558 1312/1059/560 1308/1055/556
f 1311/1058/559 1316/1063/564 1314/1061/562
f 1311/1058/559 1314/1061/562 1309/1056/557
f 1297/1044/545 1317/1064/565 1315/1062/563
f 1297/1044/545 1315/1062/563 1310/1057/558
f 1300/1047/548 1318/1065/566 1316/1063/564
f 1300/1047/548 1316/1063/564 1311/1058/559
f 1296/1043/544 1319/1066/567 1317/1064/565
f 1296/1043/544 1317/1064/565 1297/1044/545
f 1299/1046/547 1320/1067/568 1318/1065/566
f 1299/1046/547 1318/1065/566 1300/1047/548
f 1305/1052/553 1321/1068/569 1322/1069/570
f 1305/1052/553 1322/1069/570 1323/1070/571
f 1302/1049/550 1324/1071/572 1325/1072/568
f 1302/1049/550 1325/1072/568 1303/1050/551
f 1304/1051/552 1326/1073/573 1321/1068/569
f 1304/1051/552 1321/1068/569 1305/1052/553
f 1306/1053/554 1327/1074/574 1324/1071/572
f 1306/1053/554 1324/1071/572 1302/1049/550
f 879/626/154 880/627/155 1326/1073/573
f 879/626/154 1326/1073/573 1304/1051/552
f 1307/1054/555 1313/1060/561 1327/1074/574
f 1307/1054/555 1327/1074/574 1306/1053/554
f 1328/1075/569 1329/1076/575 1330/1077/576
f 1328/1075/569 1330/1077/576 1331/1078/577
f 1332/1079/578 1333/1080/579 1334/1081/580
f 1332/1079/578 1334/1081/580 1320/1067/568
f 1326/1073/573 1335/1082/581 1336/1083/582
f 1326/1073/573 1336/1083/582 1321/1068/569
f 1327/1074/574 1337/1084/583 1338/1085/579
f 1327/1074/574 1338/1085/579 1324/1071/572
f 880/627/155 883/630/158 1335/1082/581
f 880/627/155 1335/1082/581 1326/1073/573
f 1313/1060/561 1339/1086/584 1337/1084/583
f 1313/1060/561 1337/1084/583 1327/1074/574
f 1312/1059/560 1340/1087/585 1339/1086/584
f 1312/1059/560 1339/1086/584 1313/1060/561
f 1314/1061/562 1341/1088/586 882/629/157
f 1314/1061/562 882/629/157 881/628/156
f 1342/1089/563 1343/1090/587 1344/1091/588
f 1342/1089/563 1344/1091/588 1345/1092/589
f 1316/1063/564 1346/1093/590 1341/1088/586
f 1316/1063/564 1341/1088/586 1314/1061/562
f 1347/1094/591 1348/1095/592 1343/1090/587
f 1347/1094/591 1343/1090/587 1342/1089/563
f 1318/1065/566 1349/1096/593 1346/1093/590
f 1318/1065/566 1346/1093/590 1316/1063/564
f 1331/1078/577 1330/1077/576 1348/1095/592
f 1331/1078/577 1348/1095/592 1347/1094/591
f 1320/1067/568 1334/1081/580 1349/1096/593
f 1320/1067/568 1349/1096/593 1318/1065/566
f 1341/1088/586 1350/1097/594 884/631/159
f 1341/1088/586 884/631/159 882/629/157
f 1343/1090/587 1351/1098/595 1352/1099/596
f 1343/1090/587 1352/1099/596 1344/1091/588
f 1346/1093/590 1353/1100/597 1350/1097/594
f 1346/1093/590 1350/1097/594 1341/1088/586
f 1348/1095/592 1354/1101/598 1351/1098/595
f 1348/1095/592 1351/1098/595 1343/1090/587
f 1349/1096/593 1355/1102/599 1353/1100/597
f 1349/1096/593 1353/1100/597 1346/1093/590
f 1330/1077/576 1356/1103/600 1354/1101/598
f 1330/1077/576 1354/1101/598 1348/1095/592
f 1334/1081/580 1357/1104/601 1355/1102/599
f 1334/1081/580 1355/1102/599 1349/1096/593
f 1329/1076/575 1358/1105/602 1356/1103/600
f 1329/1076/575 1356/1103/600 1330/1077/576
f 1333/1080/579 1359/1106/603 1357/1104/601
f 1333/1080/579 1357/1104/601 1334/1081/580
f 1335/1082/581 1360/1107/604 1361/1108/605
f 1335/1082/581 1361/1108/605 1336/1083/582
f 1362/1109/583 1363/1110/606 1364/1111/603
f 1362/1109/583 1364/1111/603 1365/1112/579
f 883/630/158 885/632/160 1360/1107/604
f 883/630/158 1360/1107/604 1335/1082/581
f 1366/1113/584 1367/1114/607 1363/1110/606
f 1366/1113/584 1363/1110/606 1362/1109/583
f 1344/1091/588 1352/1099/596 1367/1114/607
f 1344/1091/588 1367/1114/607 1366/1113/584
f 1359/1106/603 1368/1115/608 1369/1116/609
f 1359/1106/603 1369/1116/609 1357/1104/601
f 1360/1107/604 1370/1117/610 1371/1118/611
f 1360/1107/604 1371/1118/611 1361/1108/605
f 1363/1110/606 1372/1119/612 1373/1120/608
f 1363/1110/606 1373/1120/608 1364/1111/603
f 885/632/160 887/634/162 1370/1117/610
f 885/632/160 1370/1117/610 1360/1107/604
f 1367/1114/607 1374/1121/613 1372/1119/612
f 1367/1114/607 1372/1119/612 1363/1110/606
f 1352/1099/596 1375/1122/614 1374/1121/613
f 1352/1099/596 1374/1121/613 1367/1114/607
f 1350/1097/594 1376/1123/615 886/633/161
f 1350/1097/594 886/633/161 884/631/159
f 1351/1098/595 1377/1124/616 1375/1122/614
f 1351/1098/595 1375/1122/614 1352/1099/596
f 1353/1100/597 1378/1125/617 1376/1123/615
f 1353/1100/597 1376/1123/615 1350/1097/594
f 1354/1101/598 1379/1126/618 1377/1124/616
f 1354/1101/598 1377/1124/616 1351/1098/595
f 1355/1102/599 1380/1127/619 1378/1125/617
f 1355/1102/599 1378/1125/617 1353/1100/597
f 1356/1103/600 1381/1128/620 1379/1126/618
f 1356/1103/600 1379/1126/618 1354/1101/598
f 1357/1104/601 1369/1116/609 1380/1127/619
f 1357/1104/601 1380/1127/619 1355/1102/599
f 1358/1105/602 1382/1129/621 1381/1128/620
f 1358/1105/602 1381/1128/620 1356/1103/600
f 1377/1124/616 1383/1130/622 1384/1131/623
f 1377/1124/616 1384/1131/623 1375/1122/614
f 1378/1125/617 1385/1132/624 1386/1133/625
f 1378/1125/617 1386/1133/625 1376/1123/615
f 1379/1126/618 1387/1134/626 1383/1130/622
f 1379/1126/618 1383/1130/622 1377/1124/616
f 1380/1127/619 1388/1135/627 1385/1132/624
f 1380/1127/619 1385/1132/624 1378/1125/617
f 1381/1128/620 1389/1136/628 1387/1134/626
f 1381/1128/620 1387/1134/626 1379/1126/618
f 1369/1116/609 1390/1137/629 1388/1135/627
f 1369/1116/609 1388/1135/627 1380/1127/619
f 1382/1129/621 1391/1138/630 1389/1136/628
f 1382/1129/621 1389/1136/628 1381/1128/620
f 1368/1115/608 1392/1139/631 1390/1137/629
f 1368/1115/608 1390/1137/629 1369/1116/609
f 1370/1117/610 1393/1140/632 1394/1141/633
f 1370/1117/610 1394/1141/633 1371/1118/611
f 1372/1119/612 1395/1142/634 1396/1143/635
f 1372/1119/612 1396/1143/635 1373/1120/608
f 887/634/162 889/636/164 1393/1140/632
f 887/634/162 1393/1140/632 1370/1117/610
f 1374/1121/613 1397/1144/636 1395/1142/634
f 1374/1121/613 1395/1142/634 1372/1119/612
f 1375/1122/614 1384/1131/623 1397/1144/636
f 1375/1122/614 1397/1144/636 1374/1121/613
f 1376/1123/615 1386/1133/625 888/635/163
f 1376/1123/615 888/635/163 886/633/161
f 1398/1145/637 1399/1146/638 1400/1147/639
f 1398/1145/637 1400/1147/639 1391/1138/630
f 1395/1142/634 1401/1148/640 1402/1149/641
f 1395/1142/634 1402/1149/641 1396/1143/635
f 889/636/164 891/638/166 1403/1150/638
f 889/636/164 1403/1150/638 1393/1140/632
f 1397/1144/636 1404/1151/642 1401/1148/640
f 1397/1144/636 1401/1148/640 1395/1142/634
f 1384/1131/623 1405/1152/643 1404/1151/642
f 1384/1131/623 1404/1151/642 1397/1144/636
f 1386/1133/625 1406/1153/644 890/637/165
f 1386/1133/625 890/637/165 888/635/163
f 1383/1130/622 1407/1154/645 1405/1152/643
f 1383/1130/622 1405/1152/643 1384/1131/623
f 1385/1132/624 1408/1155/646 1406/1153/644
f 1385/1132/624 1406/1153/644 1386/1133/625
f 1387/1134/626 1409/1156/647 1407/1154/645
f 1387/1134/626 1407/1154/645 1383/1130/622
f 1388/1135/627 1410/1157/648 1408/1155/646
f 1388/1135/627 1408/1155/646 1385/1132/624
f 1389/1136/628 1411/1158/649 1409/1156/647
f 1389/1136/628 1409/1156/647 1387/1134/626
f 1390/1137/629 1412/1159/650 1410/1157/648
f 1390/1137/629 1410/1157/648 1388/1135/627
f 1391/1138/630 1400/1147/639 1411/1158/649
f 1391/1138/630 1411/1158/649 1389/1136/628
f 1396/1143/635 1402/1149/641 1413/1160/651
f 1396/1143/635 1413/1160/651 1414/1161/629
f 1408/1155/646 1415/1162/652 1416/1163/653
f 1408/1155/646 1416/1163/653 1406/1153/644
f 1409/1156/647 1417/1164/654 1418/1165/655
f 1409/1156/647 1418/1165/655 1407/1154/645
f 1410/1157/648 1419/1166/656 1415/1162/652
f 1410/1157/648 1415/1162/652 1408/1155/646
f 1411/1158/649 1420/1167/657 1417/1164/654
f 1411/1158/649 1417/1164/654 1409/1156/647
f 1412/1159/650 1421/1168/658 1419/1166/656
f 1412/1159/650 1419/1166/656 1410/1157/648
f 1400/1147/639 1422/1169/659 1420/1167/657
f 1400/1147/639 1420/1167/657 1411/1158/649
f 1402/1149/641 1423/1170/660 1424/1171/661
f 1402/1149/641 1424/1171/661 1413/1160/651
f 1403/1150/638 1425/1172/662 1426/1173/663
f 1403/1150/638 1426/1173/663 1427/1174/639
f 1401/1148/640 1428/1175/664 1423/1170/660
f 1401/1148/640 1423/1170/660 1402/1149/641
f 891/638/166 893/640/168 1425/1172/662
f 891/638/166 1425/1172/662 1403/1150/638
f 1404/1151/642 1429/1176/665 1428/1175/664
f 1404/1151/642 1428/1175/664 1401/1148/640
f 1405/1152/643 1430/1177/666 1429/1176/665
f 1405/1152/643 1429/1176/665 1404/1151/642
f 1406/1153/644 1416/1163/653 892/639/167
f 1406/1153/644 892/639/167 890/637/165
f 1407/1154/645 1418/1165/655 1430/1177/666
f 1407/1154/645 1430/1177/666 1405/1152/643
f 1428/1175/664 898/645/173 901/648/176
f 1428/1175/664 901/648/176 1423/1170/660
f 893/640/168 833/580/108 894/641/169
f 893/640/168 894/641/169 1425/1172/662
f 1429/1176/665 902/649/177 898/645/173
f 1429/1176/665 898/645/173 1428/1175/664
f 1430/1177/666 904/651/179 902/649/177
f 1430/1177/666 902/649/177 1429/1176/665
f 1416/1163/653 906/653/181 828/575/103
f 1416/1163/653 828/575/103 892/639/167
f 1418/1165/655 908/655/183 904/651/179
f 1418/1165/655 904/651/179 1430/1177/666
f 1415/1162/652 910/657/185 906/653/181
f 1415/1162/652 906/653/181 1416/1163/653
f 1417/1164/654 912/659/187 908/655/183
f 1417/1164/654 908/655/183 1418/1165/655
f 1419/1166/656 914/661/189 910/657/185
f 1419/1166/656 910/657/185 1415/1162/652
f 1420/1167/657 916/663/191 912/659/187
f 1420/1167/657 912/659/187 1417/1164/654
f 1421/1168/658 918/665/193 914/661/189
f 1421/1168/658 914/661/189 1419/1166/656
f 1422/1169/659 920/667/195 916/663/191
f 1422/1169/659 916/663/191 1420/1167/657
f 1431/1178/667 922/669/176 918/665/193
f 1431/1178/667 918/665/193 1421/1168/658
f 1425/1172/662 894/641/169 897/644/172
f 1425/1172/662 897/644/172 1426/1173/663
